transaction_id,user_id,timestamp,amount,merchant,is_fraud
c7f47fdd-d8d2-4edf-8a00-4deea1ff2c54,user_4,2024-01-03T03:00:00,139.63,Target,0
f1c4a681-fdcc-49d8-bd51-260b677b5acf,user_18,2024-01-08T10:00:00,102.34,Walmart,0
1429c0df-fb3c-403f-bcda-94bb730f8053,user_17,2024-02-21T08:00:00,141.46,Netflix,0
5da27c45-1afa-43cf-81aa-d4b10a95b3d5,user_9,2024-03-10T01:00:00,40.09,Starbucks,0
a48733fb-04d9-401f-8962-dce1b6861b14,user_11,2024-01-09T17:00:00,299.91,Amazon,0
530d9087-da04-405d-9618-c7c6bd6a0e4c,user_18,2024-01-11T15:00:00,255.91,PayPal,0
d4176859-c120-4b9f-b020-a6e5c58a50dc,user_20,2024-03-16T13:00:00,3823.19,Unknown Merchant,1
d91199a0-8ba7-44ad-954d-1429ecad82e4,user_10,2024-01-07T19:00:00,66.62,Shell Gas,0
fb6074f5-c00b-4a4b-95fe-1d32c94f7b7e,user_12,2024-01-18T21:00:00,197.01,Walmart,0
e8055b9b-d6cf-4f83-99f2-3fe2454aeef5,user_6,2024-02-15T13:00:00,131.09,ATM Withdrawal,0
bebb3e42-bcec-4982-b78c-8d3a33816c5f,user_18,2024-01-19T17:00:00,451.37,Amazon,0
4f283433-e1f5-4d75-830f-b7cb0f4e980d,user_2,2024-03-09T16:00:00,63.7,Netflix,0
c133dead-a4eb-419f-bf6a-92193396787d,user_19,2024-03-15T18:00:00,131.61,Unknown Merchant,0
089f40e8-fba6-4889-8041-e47bc213508a,user_15,2024-01-13T04:00:00,58.66,PayPal,0
8444f9e6-86cb-47cf-8a51-4c29faeb0280,user_19,2024-02-06T13:00:00,223.42,Netflix,0
020d3082-67dc-4f6e-8e56-9665eb883d8d,user_5,2024-02-13T11:00:00,86.8,Walmart,0
569a2649-0f8b-4952-896d-330f87a9bfe5,user_6,2024-03-08T14:00:00,166.29,ATM Withdrawal,0
095f59bb-f2bb-43c4-a5ec-536ed6a8c8da,user_15,2024-02-15T03:00:00,41.95,Amazon,0
4f9fcedd-e014-4b1f-a1c8-91046eeaa5a0,user_4,2024-02-28T04:00:00,157.38,Starbucks,0
4a0f5ce1-66cd-49b4-9995-f9e2c8ecc450,user_15,2024-01-01T06:00:00,46.98,Target,0
867ab7f5-0405-4c74-a0b7-8d106b02c134,user_4,2024-03-15T06:00:00,266.7,PayPal,0
7039dae3-3bde-49e0-a44f-42fb1b307d9a,user_5,2024-02-01T21:00:00,196.79,PayPal,0
da9b4d06-a0a1-4d6e-a86d-4812423c618d,user_20,2024-01-28T15:00:00,88.45,Shell Gas,0
6224bfef-3cf3-4ee3-9570-bfe0066304d4,user_10,2024-01-21T10:00:00,88.18,PayPal,0
46f80bd6-09bb-4df9-acb5-28275ede8f0d,user_5,2024-02-26T07:00:00,83.48,Starbucks,0
6940988f-4234-46d7-853a-8fed9d9049bb,user_20,2024-02-06T02:00:00,278.56,Starbucks,0
d580223d-1254-4c60-a28c-bdc83ab11278,user_12,2024-02-07T09:00:00,244.66,Netflix,0
d02a7183-fb4d-42f5-9a50-5fd8d2b4e15c,user_11,2024-01-02T19:00:00,7662.73,Unknown Merchant,1
5b902593-6f80-4a9b-9e1b-d9b5804a4f66,user_2,2024-01-20T12:00:00,55.76,Starbucks,0
c2c95665-412a-4a86-a75f-a85f028c0573,user_7,2024-02-16T00:00:00,108.3,Unknown Merchant,0
9bd03d9e-99e4-4467-a5d1-e74600072f67,user_7,2024-01-09T01:00:00,34.05,ATM Withdrawal,0
020067c1-b37f-47ba-86be-119f809f7f59,user_2,2024-02-27T11:00:00,163.24,Amazon,0
109d0a37-67ea-4b56-a328-5a3864b9240e,user_11,2024-03-09T07:00:00,174.28,Netflix,0
19fcd1a5-1017-48e0-a90e-87a923764d35,user_5,2024-02-06T00:00:00,40.11,Walmart,0
90f83e88-7fb7-471c-a3ca-dab82b44be9a,user_18,2024-01-09T08:00:00,36.95,Netflix,0
938d75dd-40d2-4e0f-801d-ff55fcff7e2e,user_2,2024-01-15T01:00:00,20.24,Unknown Merchant,0
4c15d0eb-c317-4fb5-8609-1cf5bb7b3f64,user_18,2024-02-26T11:00:00,128.34,Starbucks,0
b9212865-5503-4f9c-bef7-9722a415a98e,user_2,2024-02-19T10:00:00,127.04,Shell Gas,0
1d8c9d60-2f43-4aac-a5f6-e77e76ea1036,user_19,2024-02-10T16:00:00,92.44,Target,0
8344b469-e2f0-4949-a7b1-f9dbe4c36d03,user_17,2024-01-07T20:00:00,9.38,Apple Store,0
759f89b3-5c20-4e9c-b5b4-ba53ec1409b3,user_20,2024-01-04T09:00:00,119.36,Apple Store,0
bbd33b71-ce7e-4ade-a562-f375ce97d7df,user_11,2024-03-20T18:00:00,33.31,Shell Gas,0
68d018af-b914-4ba7-b0fa-d40108f5f589,user_13,2024-01-12T04:00:00,126.04,Shell Gas,0
d79aacd1-8146-4bf7-9ffd-6fd3b9d3ce5e,user_3,2024-01-01T19:00:00,52.68,Shell Gas,0
83f94c37-24a6-41d3-9fb1-85fc0fa3d0cf,user_8,2024-02-01T12:00:00,53.24,PayPal,0
dfb9e934-c491-438d-9913-03b025030b3b,user_20,2024-03-09T20:00:00,167.53,Walmart,0
150e4b20-1f41-48eb-bda3-db2231bd21e5,user_5,2024-01-23T13:00:00,99.52,Apple Store,0
0ff14484-ab2d-4b5b-8bfe-67a94fd6eed9,user_11,2024-01-18T08:00:00,517.74,PayPal,0
5d52b927-b49c-4843-bfad-4f894ddfb00a,user_2,2024-01-08T21:00:00,8168.95,Unknown Merchant,1
33a8bf66-3be9-4e55-bfd9-b980db716ddb,user_9,2024-01-14T18:00:00,188.38,ATM Withdrawal,0
23c2051c-cfe4-440f-81f6-6ac358f20c71,user_4,2024-01-07T10:00:00,60.27,ATM Withdrawal,0
0971f5de-d164-4ab9-9c3f-1112e6055326,user_10,2024-02-01T02:00:00,52.97,Walmart,0
5658a8a0-0f6f-452a-8216-eca34f4947b1,user_18,2024-03-16T10:00:00,58.47,Target,0
5380ba4d-c731-43f6-ac57-8acee451d5ce,user_1,2024-01-16T07:00:00,146.37,ATM Withdrawal,0
87f465e4-e537-48fc-8964-908f27bcb45b,user_8,2024-01-23T18:00:00,18.81,ATM Withdrawal,0
4d377f2b-14ec-4054-866c-b70e73fdfa00,user_16,2024-01-19T23:00:00,28.51,Netflix,0
7bc5d862-f1be-4a02-a662-f957aed7652b,user_7,2024-02-04T00:00:00,15.84,Starbucks,0
1cc318f4-fd0b-4c0f-a632-b6da762e8ee3,user_17,2024-02-04T02:00:00,435.24,Shell Gas,0
ce2ba03c-a9ba-4c4a-8654-ad592bbbf65a,user_4,2024-03-15T20:00:00,213.62,Walmart,0
32e1fd79-9b9d-41ca-b6bf-3d7636ec10e2,user_12,2024-03-03T04:00:00,180.81,PayPal,0
106ef20a-fe6a-477a-879b-98b2340264c4,user_19,2024-01-17T05:00:00,28.33,Amazon,0
db8398b6-f2ee-43ca-adbe-0cd591e1550b,user_18,2024-02-28T14:00:00,289.17,Netflix,0
4d2d376d-1fc2-492b-ac15-e9c21a9de7f3,user_3,2024-03-21T23:00:00,126.03,Shell Gas,0
db403708-7df0-4a39-b526-dc22eeee88bd,user_4,2024-03-02T10:00:00,274.22,ATM Withdrawal,0
93b86b59-4974-4123-9279-e1b88de700b7,user_10,2024-02-17T07:00:00,37.24,ATM Withdrawal,0
add5fcbe-fc96-4217-82df-abbc91df1def,user_6,2024-02-22T12:00:00,105.6,Amazon,0
2e29200a-0ed8-4530-a222-ca5abeb537a7,user_7,2024-02-06T16:00:00,243.97,Shell Gas,0
cb7447dd-2bca-4c9d-b6d0-06cca02214c8,user_15,2024-02-27T15:00:00,42.7,Target,0
610fca73-e108-423f-9073-46c6019fac01,user_10,2024-02-13T23:00:00,162.49,Walmart,0
5a561cc6-43d3-43c6-8340-fc61ee2b87c8,user_8,2024-02-27T09:00:00,3958.74,Unknown Merchant,1
93169aa8-3f6a-4dd3-9b21-cb7fa9c9f8b6,user_16,2024-02-22T03:00:00,65.55,Netflix,0
a57d38cb-a18c-46a8-b631-8492d5a706dd,user_13,2024-02-12T04:00:00,76.59,Amazon,0
e95b2dd3-12e7-476b-9785-15e5e30e7e60,user_4,2024-03-07T10:00:00,79.47,PayPal,0
ce53f777-7f7d-4b19-9e29-b7e7f98039e3,user_18,2024-01-22T06:00:00,35.16,PayPal,0
4e757574-ad9a-4ad8-a395-40b973bc4d44,user_20,2024-01-28T01:00:00,156.14,PayPal,0
818e53f0-2e6f-4563-872f-335afe457509,user_18,2024-02-08T01:00:00,85.89,Netflix,0
08b47e37-95d0-42ae-aa97-c79105d4e8fe,user_9,2024-03-06T08:00:00,188.56,Netflix,0
8e1ced43-4073-4b8d-aca2-7013b65c455f,user_3,2024-03-01T21:00:00,60.11,Shell Gas,0
0332e094-ee46-4f92-9f31-a83f8bd34e67,user_3,2024-01-12T19:00:00,41.4,Target,0
7ea41293-a63e-4143-9874-9ab16b59a784,user_3,2024-02-05T09:00:00,68.22,ATM Withdrawal,0
abee7cf1-4244-486d-aaa7-21cf4143952a,user_14,2024-02-03T05:00:00,342.36,Amazon,0
f5fa3c02-1d1f-47de-ace6-0d70cf092698,user_19,2024-02-02T11:00:00,51.84,Starbucks,0
39eaa729-909f-427d-9b6c-c48a05dd5144,user_14,2024-02-15T22:00:00,190.27,Apple Store,0
de2a5917-13c0-4d9e-bc5c-71a70e4b72e5,user_16,2024-01-19T17:00:00,49.11,ATM Withdrawal,0
3b8f656a-e56a-406a-bcb8-acdacf5996a5,user_13,2024-03-02T19:00:00,37.97,Target,0
48367bc1-13ed-4377-b77d-c651dac37e67,user_18,2024-01-03T07:00:00,353.7,Amazon,0
fbb9c796-eaa1-4004-ba88-fe716b5bcab3,user_14,2024-01-12T13:00:00,166.55,Starbucks,0
ca14cb7f-ffaa-482e-aeca-4c02161b8a32,user_7,2024-02-08T19:00:00,33.27,ATM Withdrawal,0
0bcdb002-904c-48d8-9b0a-cdda020fe5f3,user_14,2024-01-22T12:00:00,214.38,PayPal,0
303d755c-d3ff-4d1e-996f-c36016e66ea1,user_12,2024-01-20T03:00:00,230.89,Amazon,0
8b4b757c-a68e-46cb-acfc-fad762dfb8b5,user_8,2024-01-18T00:00:00,307.81,Netflix,0
4386505e-33c5-4e0c-b0f4-df5942902c5a,user_4,2024-02-18T03:00:00,283.92,Starbucks,0
e1f717f2-07f4-4a67-82e1-9f2a1e6278e1,user_6,2024-02-21T16:00:00,161.4,Walmart,0
e5d3edcd-172c-4a4c-938e-8e46b019dc2e,user_6,2024-03-23T07:00:00,48.64,Starbucks,0
2fb32971-5747-4934-9b2d-cd44552cc1a9,user_13,2024-02-03T20:00:00,189.81,Netflix,0
4d61b8e2-d794-464a-8741-05444f6710a4,user_10,2024-03-13T13:00:00,330.41,Apple Store,0
3cbc49aa-5597-4cd9-8701-619b0d088fe4,user_12,2024-02-15T11:00:00,77.0,PayPal,0
32956a53-d260-4c13-b64d-ff4eeaa3447f,user_1,2024-03-13T11:00:00,72.59,ATM Withdrawal,0
9007ca06-fca5-481a-9888-6bfcea1eba25,user_15,2024-03-01T08:00:00,50.5,PayPal,0
f2fa9a7b-a215-4ce9-bc01-b2d68805616e,user_9,2024-02-22T13:00:00,224.95,Unknown Merchant,0
608810a5-c011-4494-b953-b9fb33ef1662,user_19,2024-01-23T21:00:00,65.16,Walmart,0
403e4308-7fb3-45a6-8297-f8f7e4ebcb16,user_15,2024-01-21T19:00:00,200.17,ATM Withdrawal,0
76ad2f22-33f0-4c11-a130-e9f63bbc44ff,user_16,2024-03-13T14:00:00,56.34,Shell Gas,0
1eea2160-225f-4765-b697-51fd640563a2,user_11,2024-01-24T20:00:00,516.34,Starbucks,0
91c1bb60-9c5e-4558-8d51-db77f4e677cc,user_17,2024-03-21T21:00:00,51.48,ATM Withdrawal,0
ee5580fe-ff6e-4b03-ab47-1786f254701d,user_8,2024-02-28T22:00:00,80.33,Unknown Merchant,0
ebf3409f-d6a4-40cc-9734-fa6f9a328e43,user_3,2024-01-26T02:00:00,26.06,Starbucks,0
5cfa6358-2c21-4682-b535-5ddfa1f1f382,user_12,2024-02-10T09:00:00,100.67,PayPal,0
3139e184-d8b5-407e-885f-84240792cff8,user_15,2024-01-24T02:00:00,63.76,Netflix,0
3ea5ac9e-7fff-45a3-82dc-5eb0e711ddc1,user_18,2024-03-22T03:00:00,139.99,Netflix,0
b460b2d7-68e2-42ba-ab82-5355a603272d,user_9,2024-03-02T19:00:00,150.32,Apple Store,0
bf3aea0a-9e33-4d8b-a55a-3906872d6eca,user_4,2024-03-12T01:00:00,52.28,Target,0
4c8ade91-38c0-4089-82b6-a6b098ec0da6,user_18,2024-01-11T19:00:00,114.67,Target,0
9e767d23-0022-45d1-9d0b-fd205b12ab5f,user_16,2024-01-09T18:00:00,299.15,Unknown Merchant,0
69b3e7fe-7624-4b07-90d8-350885aadac5,user_11,2024-01-16T17:00:00,211.59,Unknown Merchant,0
53bb4fc4-1ce2-47a2-ba64-cc7d32133626,user_3,2024-02-04T04:00:00,87.64,Amazon,0
80f685a7-a8a5-4d33-b7a7-f04e91e4fe0c,user_19,2024-03-21T23:00:00,180.78,Netflix,0
e8678fb0-120f-4666-b3a1-421f286a365c,user_13,2024-02-08T10:00:00,199.92,Apple Store,0
b3279aa5-f40b-4519-8152-8e24d373a5d0,user_10,2024-02-18T12:00:00,137.76,Walmart,0
e38b1aab-36cb-4c9c-bc21-7e7307553fca,user_7,2024-02-23T09:00:00,28.0,Target,0
aa11c1b2-44bf-4d30-94ab-fa7e3b5a3672,user_18,2024-01-07T09:00:00,40.57,Apple Store,0
8a19f37f-2faf-43a4-add2-4c25309ce214,user_2,2024-01-20T18:00:00,60.01,Unknown Merchant,0
345f79c4-cdb3-4e08-8079-6ec142e8176b,user_8,2024-03-19T20:00:00,19.15,Apple Store,0
8068710c-e12b-4cfa-bebb-8132cafa7159,user_7,2024-02-06T06:00:00,45.51,Target,0
7c2e9a26-42ed-4c73-bbec-b7a2a190ca36,user_5,2024-01-07T02:00:00,189.08,Starbucks,0
42303486-6f31-4a63-b3f0-4db9f79269f2,user_15,2024-02-28T18:00:00,57.4,Starbucks,0
508ed69b-92c9-4cc8-bdb7-8fe91061d96c,user_16,2024-02-07T08:00:00,3831.4,Unknown Merchant,1
813a79d0-ab9c-44eb-8f2c-3f930feee1ca,user_19,2024-02-20T02:00:00,124.42,Amazon,0
00faa6e5-32bb-4404-93d0-053bfed4863d,user_6,2024-02-10T03:00:00,94.32,Starbucks,0
5723f07b-d5c8-4790-a57f-1da51466c344,user_19,2024-02-07T04:00:00,129.53,Walmart,0
695d2334-7e9c-4f55-bfa5-b05c79b23982,user_14,2024-01-29T10:00:00,68.42,Target,0
a34757ed-dbac-4b0e-803a-4e433938cdb2,user_16,2024-01-25T14:00:00,2704.48,Unknown Merchant,1
5013a7e3-b549-4fb9-9535-484f2ab4628b,user_9,2024-01-28T14:00:00,85.18,PayPal,0
4175428d-8ef9-4df4-ab12-49758ba03c5d,user_16,2024-02-23T08:00:00,82.78,Starbucks,0
003d5618-649e-47ef-873b-b74b6e82d581,user_10,2024-02-07T09:00:00,248.23,Amazon,0
fdf376a1-befd-4136-8971-8e1ebd945562,user_20,2024-03-09T04:00:00,5263.93,Unknown Merchant,1
76cfb825-3c42-47d2-b3bb-f9ca79e3cc9f,user_8,2024-03-12T19:00:00,257.83,Walmart,0
37a40d12-332a-4dae-9e74-3d8849b75584,user_5,2024-02-12T12:00:00,208.2,Starbucks,0
d407aa08-aa4e-4145-ab1d-794e3497dc6f,user_16,2024-02-10T07:00:00,41.11,ATM Withdrawal,0
d0007e7a-0629-44c1-a0b6-6b07de448020,user_20,2024-02-13T08:00:00,133.15,Walmart,0
21e8e13c-0c36-4a57-9826-1e62b7919bee,user_14,2024-01-30T00:00:00,302.08,Amazon,0
9379d5b1-11e0-433b-8378-c092f2078ef4,user_10,2024-03-12T11:00:00,88.53,PayPal,0
2213f61c-6b99-403b-8f22-3787a52e79f3,user_11,2024-02-17T02:00:00,160.66,Shell Gas,0
c479119e-258a-4ab4-8831-4ba42b38bbbc,user_8,2024-02-18T19:00:00,7957.64,Unknown Merchant,1
86edc44e-05a0-4725-b0ec-4d7d9269dd50,user_13,2024-02-02T22:00:00,115.13,Amazon,0
037284ec-f6f2-4ae5-ae1f-95bc4da241a5,user_19,2024-01-29T07:00:00,3153.24,Unknown Merchant,1
6f416090-6caa-465d-8ee2-8281891d0cbc,user_5,2024-01-07T09:00:00,23.11,Shell Gas,0
2412844d-9d12-42fb-bf5c-d6ae197b32e8,user_13,2024-02-25T10:00:00,38.17,PayPal,0
609ef85d-8f9e-4570-a64c-c012c1f2ca94,user_11,2024-02-23T11:00:00,2547.37,Unknown Merchant,1
6b8485d2-ff36-42fa-a6af-4bf91f6c8b9b,user_10,2024-01-20T09:00:00,163.75,Walmart,0
74818881-daef-48b0-aaca-2f14ff40dc2c,user_4,2024-02-07T20:00:00,8369.15,Unknown Merchant,1
df70a9d1-165d-4fe7-a48d-ecf683301994,user_10,2024-01-31T14:00:00,73.62,PayPal,0
a92430fe-7017-48d3-8494-d4478bcea4c9,user_6,2024-01-15T12:00:00,28.73,ATM Withdrawal,0
d4cd07ae-e868-450f-8a47-8d5fcc54d0f7,user_8,2024-02-12T11:00:00,83.81,Starbucks,0
564b0f96-3b47-48e4-bb36-01691f01a0fe,user_15,2024-03-17T21:00:00,47.33,Walmart,0
56c2d21a-5c88-4c26-b272-cafbaf6b3296,user_12,2024-02-20T03:00:00,145.6,Starbucks,0
7992a861-dbd8-44fa-bfb5-c47b13b70969,user_13,2024-03-13T19:00:00,87.34,Apple Store,0
7e5f073c-e470-4f5c-9ac4-6590e54c6017,user_10,2024-02-29T16:00:00,121.43,Apple Store,0
a5c7a4f1-26df-47d1-9534-e22f1e7d8e51,user_2,2024-03-18T16:00:00,120.32,Starbucks,0
a96bb26c-8eb3-484b-b8e4-b585a3caa19d,user_8,2024-02-21T19:00:00,153.02,Netflix,0
a83cb8c6-6bdf-4bfb-a3ff-93b8ed8c9975,user_5,2024-02-23T14:00:00,20.41,Amazon,0
affa46aa-84ea-4796-9394-025efd8e9a81,user_15,2024-01-03T20:00:00,135.37,Walmart,0
67de9d6c-74a3-4112-bfdd-55c26ed4e8a4,user_11,2024-03-04T18:00:00,77.86,PayPal,0
b0dc45dc-2b0a-4694-804e-c192484bf31d,user_12,2024-02-15T07:00:00,90.32,Target,0
4998b273-18b5-4682-a373-5f7f4b3a41a3,user_16,2024-03-23T13:00:00,473.28,Shell Gas,0
9a061444-7ead-442f-abf7-698b9c02c625,user_15,2024-03-23T04:00:00,28.12,ATM Withdrawal,0
2bf80bbc-1cbb-423c-81ec-07f7cb3a408c,user_18,2024-02-01T05:00:00,35.56,Starbucks,0
fd091802-e3ba-4b36-bd87-fd4f8fa51021,user_15,2024-02-01T10:00:00,185.66,Apple Store,0
e3f1409a-d3c5-40c5-a55e-c7f06c4c9e55,user_12,2024-01-10T05:00:00,141.74,Apple Store,0
5432fbf8-be02-4106-ac2d-cc97bc07aa09,user_18,2024-01-28T23:00:00,187.15,Walmart,0
83d7161e-efb9-4543-9f60-a080209ddd9d,user_15,2024-03-18T14:00:00,197.7,Walmart,0
4e0909a0-6f73-4adf-a4ce-9a80f5cb1c58,user_2,2024-01-26T23:00:00,40.98,ATM Withdrawal,0
d99f280f-d13e-497c-bb70-c9e02331e34f,user_18,2024-02-05T18:00:00,139.55,ATM Withdrawal,0
0844ab8f-5891-4a71-a09a-1bfe946410e0,user_16,2024-02-22T12:00:00,6.68,Amazon,0
2ecaf920-9dc7-4d87-b460-c9ddb02d0296,user_7,2024-02-07T20:00:00,81.5,Shell Gas,0
b55462d7-adf3-4ccb-b567-0c854c87a4e9,user_12,2024-02-16T11:00:00,425.04,Amazon,0
e048f692-7a52-4f63-953b-504ef4b85473,user_7,2024-03-23T14:00:00,74.87,Apple Store,0
0758e690-4b34-4ce5-83ad-d0522613d000,user_2,2024-03-08T03:00:00,147.75,PayPal,0
51cd0b2f-3110-4880-8cf2-e4c3a4cedef1,user_7,2024-03-10T09:00:00,191.65,Target,0
6947a156-1114-4042-9b74-9eb495be33f5,user_20,2024-01-01T05:00:00,142.63,Amazon,0
2732cf92-13da-43ad-b21b-209dfd215efa,user_12,2024-03-08T09:00:00,235.76,Amazon,0
d80361d9-a3e3-4304-bd0c-401c7bf8cf4d,user_2,2024-01-11T19:00:00,181.27,Walmart,0
f8fa1a2a-f979-4c1b-82f3-b7cc9e7cf706,user_12,2024-02-13T19:00:00,113.82,Netflix,0
50bc9d34-94c7-4877-8cd1-83a0c0326b0e,user_2,2024-03-03T01:00:00,95.04,Amazon,0
a5960b2a-a063-4f25-9629-437df3a1ff98,user_16,2024-03-13T07:00:00,58.55,Unknown Merchant,0
bcb55b22-e87a-4d68-97c8-b958518b2d28,user_15,2024-01-07T06:00:00,202.01,Target,0
f0c3db4f-dc2a-4ecc-984b-b86ca7d01a9f,user_9,2024-02-23T06:00:00,134.88,Shell Gas,0
740ab04f-e1ab-4f79-b650-4233235df3f7,user_20,2024-02-15T06:00:00,50.94,ATM Withdrawal,0
e26b42bd-1417-4b1d-baa8-34db6c3915be,user_4,2024-03-13T18:00:00,510.93,PayPal,0
6714cf2a-fb21-4aad-acd3-605a23cc2cd7,user_7,2024-02-06T16:00:00,82.58,Shell Gas,0
ac156b4a-e8d8-435e-b01d-18fcbbbbc4e8,user_13,2024-02-05T11:00:00,142.37,Shell Gas,0
f11b06e0-a899-4265-840f-d6dd9ce2809a,user_12,2024-03-22T08:00:00,513.42,PayPal,0
e14c306f-8311-4aa0-b618-47cc058a6ecb,user_18,2024-02-17T22:00:00,68.97,Shell Gas,0
d4f68378-9970-47aa-87a9-a1a59885e8e7,user_14,2024-03-15T01:00:00,58.91,Walmart,0
27abb06e-cdaf-4697-9ed9-0e2fe6f85a40,user_7,2024-01-14T04:00:00,118.78,Walmart,0
c8ee0bf3-11c3-41d8-a182-39bda530d60b,user_18,2024-02-01T08:00:00,43.27,Netflix,0
807c3b66-1b46-4fcc-ab5f-a49651bae887,user_18,2024-03-24T03:00:00,9432.67,Unknown Merchant,1
0f2ec6f4-0018-4958-8da3-0abc94f51f20,user_9,2024-01-03T11:00:00,20.59,Starbucks,0
11ae56cd-b170-4f0f-818a-b695e8a2de90,user_12,2024-01-01T12:00:00,54.04,ATM Withdrawal,0
895eda88-f249-42cc-b240-5d91a926fd86,user_1,2024-01-08T19:00:00,138.43,ATM Withdrawal,0
fea5396b-1a34-4d29-94d3-be20fe875f0b,user_6,2024-02-01T13:00:00,61.4,Apple Store,0
667f8384-40ff-4245-aa46-6ddeae7e4df5,user_2,2024-01-14T06:00:00,26.3,Walmart,0
1a26068c-052e-446d-b003-acd08f372a40,user_14,2024-02-11T10:00:00,115.68,Netflix,0
ba4a8aaa-02bd-44bc-8d5f-6bdb65037090,user_4,2024-01-30T10:00:00,78.71,Apple Store,0
90185d53-7b1b-4fb9-ad7a-8ce2787dc84f,user_10,2024-01-04T21:00:00,7976.11,Unknown Merchant,1
63714185-6612-4299-b542-ec289adfd269,user_6,2024-01-12T00:00:00,51.69,PayPal,0
3a2b1bde-043c-4fea-8f01-fae9e6ccf2ea,user_12,2024-01-07T03:00:00,9369.3,Unknown Merchant,1
4eceaaa0-f010-4208-97b3-5cc3eb722c05,user_11,2024-02-19T03:00:00,76.48,ATM Withdrawal,0
a483abeb-6f60-44e5-91a6-03e84d01fcdb,user_13,2024-01-02T18:00:00,280.85,Shell Gas,0
a6685a93-c6b5-4eca-87e3-fe00d3279ea2,user_4,2024-01-21T18:00:00,77.69,Walmart,0
64ba5386-b9fa-4b5b-9ce2-fa8e6ae57606,user_10,2024-03-04T15:00:00,64.7,Target,0
fa93ed4a-330a-43a0-a626-3793388b469a,user_4,2024-02-15T06:00:00,104.08,Shell Gas,0
54fc3141-fc94-48d6-a501-a298136f7145,user_5,2024-01-21T03:00:00,43.26,Target,0
dae73056-4fa7-4acd-9ed6-795943c885f3,user_3,2024-01-16T02:00:00,80.37,Apple Store,0
b0a0a816-6daf-4bb6-9aaa-6b4f7ea75226,user_19,2024-02-24T20:00:00,147.6,Shell Gas,0
86d95459-2828-40e5-8edd-9d3250d6c2ac,user_3,2024-02-10T00:00:00,80.34,Starbucks,0
2331b935-536f-48ae-9e61-0f78262c28dc,user_12,2024-02-13T07:00:00,30.4,Amazon,0
dfb9b8b7-b0b7-4ad1-887c-309f9c9f62e8,user_10,2024-01-07T13:00:00,22.53,ATM Withdrawal,0
ea0fedba-e383-454f-be85-8e45a88ad851,user_18,2024-03-22T10:00:00,62.63,Netflix,0
af0cc10f-dedf-4b34-854c-06c6568f1739,user_16,2024-02-12T18:00:00,42.43,PayPal,0
0b9469b1-064c-484c-a746-49c8a04c8800,user_2,2024-01-22T03:00:00,97.97,Shell Gas,0
3836cc46-96b3-4c29-8643-266b3ff7182b,user_10,2024-02-03T01:00:00,74.5,Apple Store,0
30740696-af74-446f-9aef-6f30bed62580,user_11,2024-01-06T14:00:00,53.05,ATM Withdrawal,0
e9c7156f-7a7e-4873-a162-81bdb8bf9b7f,user_20,2024-03-15T12:00:00,42.22,ATM Withdrawal,0
fb9a401d-95c4-4f8b-a91e-220a9947ffd8,user_3,2024-01-27T10:00:00,112.94,Shell Gas,0
0b7a28c4-dba2-492f-a612-decad77ff866,user_17,2024-01-08T23:00:00,4470.93,Unknown Merchant,1
46bbb29b-5a40-412c-b3d0-1a645a45b816,user_7,2024-01-30T03:00:00,297.66,Netflix,0
2adcbfc4-5763-4857-adf4-ae114a503b77,user_5,2024-01-07T14:00:00,23.98,PayPal,0
fddb8efc-3a17-4bc7-ad31-95d447cceb88,user_17,2024-01-04T05:00:00,543.44,Apple Store,0
ccf7e9e0-4b25-4287-96a3-61e6b0ff5271,user_13,2024-01-14T03:00:00,631.7,Target,0
f8c038bd-5807-45f8-b726-cbaec43881d1,user_2,2024-02-05T01:00:00,46.33,Unknown Merchant,0
4d5f73d5-7618-4b1e-abfc-b4b78216fec3,user_15,2024-01-20T23:00:00,96.31,Unknown Merchant,0
db21f09a-bfaa-417c-a516-0ce7ec428b98,user_7,2024-02-01T09:00:00,159.12,Unknown Merchant,0
dc3b9945-bd04-4728-b9e8-8d557bb2f993,user_10,2024-03-07T09:00:00,63.87,Target,0
48dc89bf-ff8b-4e16-9d8e-f800c813b785,user_20,2024-01-12T19:00:00,86.28,Walmart,0
5e7078a4-8913-484b-b0e3-c18b634ebced,user_17,2024-03-13T15:00:00,38.61,PayPal,0
96fbd741-6506-42ae-a3e8-42ad9fc7e6f3,user_14,2024-01-08T19:00:00,197.85,Unknown Merchant,0
2f348342-b39b-44bc-804e-a3585df5eae0,user_1,2024-02-05T09:00:00,26.28,Netflix,0
6abb1065-987e-4bd1-a7f2-c27759419159,user_3,2024-02-01T23:00:00,51.68,Walmart,0
a4c790e2-7990-4d10-ada3-e1055aa6092f,user_11,2024-03-08T12:00:00,266.63,Target,0
3ef204a7-a65e-434b-90b6-13aca6c965f5,user_16,2024-02-08T06:00:00,483.75,Amazon,0
d06b55f9-a2c6-4810-a3dc-264cdb83fdfa,user_5,2024-02-16T19:00:00,421.89,ATM Withdrawal,0
60edb3c2-22ec-4407-802a-b5d63bf5e0f5,user_10,2024-01-21T06:00:00,67.59,ATM Withdrawal,0
0f6c91f3-6ec1-4f87-8331-aa55e062e9c3,user_20,2024-02-09T00:00:00,89.97,PayPal,0
97b0625f-46c5-46a0-8780-600a35a7e887,user_5,2024-01-25T20:00:00,69.96,Netflix,0
c90ed0da-116d-4c59-86fb-f3a1a63591cb,user_6,2024-02-26T16:00:00,146.13,Shell Gas,0
2abfefb8-2ef7-4355-9c64-288721e2de25,user_17,2024-02-16T10:00:00,8986.65,Unknown Merchant,1
9fe30939-aa91-4a4c-b420-ccbce12d5280,user_2,2024-02-24T05:00:00,70.27,Amazon,0
1176359f-bf0d-4de0-aa60-687159a6e5e8,user_3,2024-01-30T10:00:00,31.94,Walmart,0
1d9dee7e-ae00-4fef-91f4-d698387d4583,user_11,2024-01-12T09:00:00,22.7,Target,0
96b6aa99-07d7-468a-9fdd-97087bf633ac,user_15,2024-02-29T08:00:00,86.83,Target,0
763ddc8c-99d5-4764-996a-473bf060dfac,user_15,2024-01-04T03:00:00,66.92,Netflix,0
3b13d889-f717-447c-a884-4cb0f6abf817,user_11,2024-03-20T15:00:00,58.37,PayPal,0
581433b8-4026-4fbb-8fbe-e239d061c6da,user_2,2024-03-05T06:00:00,119.39,Amazon,0
49a587fc-2a5a-49e4-920a-f991aa8cbd5f,user_11,2024-01-24T07:00:00,39.83,ATM Withdrawal,0
0e49cff3-e729-4f7f-a383-48a18a71ab23,user_13,2024-01-29T22:00:00,327.18,Unknown Merchant,0
1b2871e9-f801-4c7e-ae21-9f617f935cb2,user_17,2024-01-23T18:00:00,409.27,Walmart,0
faebd61b-40a7-4de1-92d8-e9fd74945599,user_6,2024-02-16T13:00:00,65.67,Shell Gas,0
c59f7629-5197-4fdd-bdcf-48b829df0d11,user_10,2024-02-08T01:00:00,115.06,Unknown Merchant,0
d2146f78-34b9-4da3-800b-839f9dfe5f65,user_2,2024-03-03T00:00:00,197.23,ATM Withdrawal,0
684292d1-6413-4616-985b-1d15160c980f,user_2,2024-01-07T09:00:00,133.71,PayPal,0
63e6db9e-d081-4ec5-94b2-c89222d9c3eb,user_6,2024-03-22T07:00:00,139.08,Target,0
144ca4a6-0ab6-499e-9382-04bff135d49a,user_12,2024-01-31T21:00:00,62.08,Apple Store,0
8b838419-0328-4b2a-a7e3-6f1413197086,user_15,2024-03-21T23:00:00,65.47,Walmart,0
e0f900fb-03ef-4587-b8a0-d3db204de0b1,user_17,2024-02-01T07:00:00,60.38,Netflix,0
4935531d-66ba-47fa-b8c9-73b3b2bcf92d,user_1,2024-03-03T18:00:00,36.84,PayPal,0
c2457801-4055-4bbb-91ee-e4bd42a74af8,user_9,2024-03-01T01:00:00,88.79,Walmart,0
31d3f781-1918-4532-ac09-92038427b35e,user_15,2024-01-08T11:00:00,170.56,Starbucks,0
8a75a57b-aca6-4e8f-9e31-cbc534f705a0,user_6,2024-03-01T17:00:00,234.96,Target,0
1f36c48b-9a19-4462-a6b9-a1c345f77bff,user_17,2024-01-20T03:00:00,46.98,Target,0
5fa4af59-2324-4b0c-bed8-edb22ae2f28a,user_16,2024-01-03T05:00:00,57.61,Unknown Merchant,0
f17c2d3a-9df3-4250-ad63-e312724b0aaf,user_18,2024-01-12T01:00:00,106.5,Starbucks,0
236d3bb5-66c6-455b-8d1b-e454154567ee,user_16,2024-02-14T20:00:00,73.16,Apple Store,0
577421b1-f120-4ecc-9698-f54d176d92b2,user_11,2024-02-24T19:00:00,30.14,PayPal,0
3dd2686e-67bf-462e-b2ad-03af48e61df7,user_18,2024-02-24T14:00:00,151.23,Target,0
0ca3c3d5-a750-44d3-a3f4-4b11c3244417,user_2,2024-03-11T22:00:00,48.96,Target,0
9c644f0e-dbf2-4730-a3d2-682d9b54f465,user_8,2024-01-30T12:00:00,322.63,Starbucks,0
a4d53d8c-745d-4526-97bc-4cc13cff0f86,user_9,2024-01-17T18:00:00,136.0,Target,0
64c99a98-be15-45ff-b417-1b431c488215,user_20,2024-02-15T12:00:00,19.03,Apple Store,0
be4c3e43-ce69-4f14-aee7-d50ead574423,user_5,2024-01-15T14:00:00,196.33,Apple Store,0
ff905552-db8e-47ba-9452-c92ee004af03,user_19,2024-01-04T12:00:00,121.76,Apple Store,0
5b659b08-1dc5-4fcd-ab80-35d1edca9e01,user_1,2024-02-12T11:00:00,291.44,Starbucks,0
62c4344d-8de2-4ca9-a4a5-b08f29b8c99f,user_13,2024-01-26T09:00:00,73.35,Target,0
c590e810-f21c-42f0-b3a0-73fe64b3e8ae,user_16,2024-02-09T15:00:00,32.05,Shell Gas,0
87d82acf-d396-4405-bf62-fcafd17af935,user_11,2024-03-03T15:00:00,250.42,ATM Withdrawal,0
6b6a9e8e-01e4-4729-9689-a788a2359f81,user_12,2024-02-13T22:00:00,101.93,Unknown Merchant,0
137f622e-7f01-4cb4-99f2-399cfc86eada,user_15,2024-01-22T03:00:00,54.25,PayPal,0
4dd6c372-2f19-4d81-ab35-ea16ff0ad4fd,user_10,2024-02-12T10:00:00,112.65,Netflix,0
48220e22-3a04-498d-845d-e1d400d83949,user_2,2024-01-05T07:00:00,42.71,Unknown Merchant,0
affde486-4f3e-4131-9900-a2b59e092ce2,user_1,2024-03-13T07:00:00,54.07,ATM Withdrawal,0
af08664b-b4d4-404a-ac6c-cf0103bf2fdc,user_13,2024-01-05T08:00:00,101.47,PayPal,0
8311a25a-c507-4a3e-98c3-9b3997f659a8,user_13,2024-02-13T00:00:00,77.37,Apple Store,0
c1a2bdad-319d-4572-8464-43775a6b8e1d,user_4,2024-01-11T23:00:00,263.95,Shell Gas,0
698792ac-2f5e-4c46-bcc8-cfc27ac29ca2,user_12,2024-03-05T10:00:00,26.36,ATM Withdrawal,0
b122e3a9-71c6-4b0f-a73d-06fc187638a5,user_2,2024-01-04T07:00:00,42.65,Unknown Merchant,0
d5eacd77-2e11-4d2a-a349-f028c9039ce4,user_5,2024-02-21T17:00:00,214.59,ATM Withdrawal,0
d9f3b1ca-84ae-4092-ade6-59b5a093778f,user_10,2024-02-20T15:00:00,24.34,PayPal,0
989f75f1-8939-4a8a-9964-6e1b35503467,user_19,2024-01-26T13:00:00,86.92,Shell Gas,0
88c64456-b2b6-4215-a902-661fe9f416a9,user_14,2024-02-19T19:00:00,356.9,Apple Store,0
62a9714b-7d0c-4e7d-9584-95a0ed4a7073,user_19,2024-02-19T06:00:00,85.08,Apple Store,0
a2d8df12-875e-4c70-b66f-5e3b227195c9,user_13,2024-01-13T14:00:00,161.18,Apple Store,0
167a0a4c-6c38-4115-b8a7-9132c494eeeb,user_4,2024-01-17T06:00:00,34.4,Target,0
a6fc6930-84c9-43fd-a7ce-400fd6ad2860,user_7,2024-02-05T00:00:00,90.6,Unknown Merchant,0
66eff04c-9b3f-4cb7-87de-39b09e604250,user_2,2024-03-01T05:00:00,48.1,Shell Gas,0
35dda3e0-89a9-4a7f-88af-7b95c8054684,user_16,2024-02-14T20:00:00,79.95,PayPal,0
0f5715fb-796a-4da5-93ac-828eb651aa06,user_9,2024-02-22T01:00:00,54.11,Starbucks,0
54747d73-d623-4ffc-b2c6-51a8217c4241,user_8,2024-03-21T08:00:00,226.79,Starbucks,0
f4c3bfa1-5116-43cb-b9c5-40be91184e1d,user_16,2024-01-28T01:00:00,84.52,Starbucks,0
78526fd8-8d75-43a5-b5f2-d1ee7fefc74f,user_19,2024-02-27T17:00:00,158.96,ATM Withdrawal,0
b9de20da-7006-448a-ba0b-a751c5e2a7f0,user_5,2024-01-25T18:00:00,210.02,Netflix,0
fd2f24b9-c7ad-444b-937d-64936d55d7ee,user_18,2024-01-24T03:00:00,24.65,Apple Store,0
668b7137-c543-4142-ba49-fde04a7d637c,user_2,2024-02-27T03:00:00,184.59,Netflix,0
e153dc05-e756-47bd-8704-1c6b0573974f,user_14,2024-01-29T04:00:00,6402.82,Unknown Merchant,1
3b46d9aa-2b6c-4663-9b21-15c676d17c6c,user_6,2024-02-04T17:00:00,522.22,Unknown Merchant,0
0e48e1b8-90f5-43ea-861f-adfc3dbc7a72,user_7,2024-03-05T12:00:00,229.96,Amazon,0
802e7335-3506-4cc7-9f4b-29a16d3cbf8e,user_3,2024-02-25T15:00:00,112.04,Amazon,0
d0091ffb-6f01-4d54-98e7-d8dba84a526e,user_6,2024-02-05T15:00:00,170.12,Amazon,0
4c5b7f6d-b43d-4634-95a5-03c4552563cf,user_13,2024-03-08T05:00:00,81.46,Starbucks,0
ed475f47-31b5-4556-8d86-82a29b2bf6e5,user_1,2024-01-26T11:00:00,99.93,Shell Gas,0
aae3976b-4eb2-4a38-96ba-342d7d41fbc8,user_18,2024-02-14T17:00:00,78.57,PayPal,0
3884b2b4-2b0e-4dcb-9c34-069724505d63,user_7,2024-03-10T00:00:00,47.71,Unknown Merchant,0
39119a39-75e9-410a-9e73-c3787ebc7cf8,user_6,2024-01-02T04:00:00,424.98,Apple Store,0
0337ea5b-6a39-4abb-9714-0714eebc5a7b,user_7,2024-01-15T23:00:00,137.21,ATM Withdrawal,0
e984e412-8db3-413a-b31d-967cb836dbeb,user_17,2024-01-28T23:00:00,54.41,Shell Gas,0
89026d2a-4b2f-4f28-973e-50d9de298ba8,user_1,2024-01-23T06:00:00,67.44,Starbucks,0
c5e1a67c-e6b1-4082-bcbd-05713ff659dc,user_10,2024-02-19T16:00:00,178.84,Amazon,0
8f3c8797-a86f-49b0-9329-18fefe41ff31,user_15,2024-01-27T04:00:00,20.34,Starbucks,0
e12eda8d-1f03-4926-bd23-67a1dbbfae44,user_10,2024-02-01T08:00:00,110.11,Target,0
b30a3e53-b8a6-4b6a-b824-91525937806f,user_15,2024-03-04T19:00:00,262.72,PayPal,0
faa5058d-3c8f-4a1b-a0e9-535722c733e4,user_18,2024-03-09T10:00:00,120.08,Netflix,0
e9526288-bc4b-4e97-afa3-7eb5ad15edea,user_20,2024-03-15T12:00:00,206.68,PayPal,0
9612219c-411e-4937-bde0-dacb3e39ceb1,user_3,2024-03-19T06:00:00,98.88,PayPal,0
8a21a6f1-7060-4b56-abe2-16465fcb35ad,user_7,2024-02-18T20:00:00,95.6,PayPal,0
17397100-b497-4de2-b6a1-4ca7fe52d048,user_7,2024-03-02T04:00:00,102.06,PayPal,0
5985dffc-7d68-4594-975f-e38d3316a09a,user_2,2024-02-08T16:00:00,37.94,Apple Store,0
f2278ace-ccec-4ec1-a6c9-cfb4e489d525,user_15,2024-02-27T09:00:00,412.48,ATM Withdrawal,0
a30c23d4-56d8-46b6-b0e4-b3910a1afaaa,user_1,2024-03-04T15:00:00,59.28,ATM Withdrawal,0
6d7468a3-8dcc-4968-ae72-cabece5117e6,user_3,2024-02-16T04:00:00,30.35,Target,0
9842f27c-311a-49e4-99c4-ef581635178f,user_14,2024-02-01T22:00:00,269.17,ATM Withdrawal,0
8c0d7ac1-03bd-4c75-a68b-db3e5d781f10,user_18,2024-01-12T08:00:00,124.35,Target,0
f036efc8-0b56-4748-b7e8-8b4808f76ba7,user_13,2024-02-15T03:00:00,592.68,Starbucks,0
162618da-1e35-4b5e-ae6d-e28967891058,user_18,2024-02-06T04:00:00,115.37,Netflix,0
aa9ff0b6-91fa-4dd3-bb81-3207c9ac7db9,user_5,2024-01-24T12:00:00,159.33,Amazon,0
4bbf1f0d-962a-4894-b6bb-554c6deb00c4,user_3,2024-01-09T14:00:00,113.63,Amazon,0
6b716167-a965-4f69-b3b3-01bf7da9a1fa,user_2,2024-02-04T07:00:00,75.04,Amazon,0
034738d8-5f4f-4dbc-a44e-4aa7e23ede9e,user_10,2024-01-20T23:00:00,452.25,Shell Gas,0
325e059d-1992-4cb6-85e7-93a6e11766a7,user_11,2024-01-21T05:00:00,65.53,PayPal,0
0442f0d3-d254-4215-875b-232fa79e476a,user_10,2024-01-24T11:00:00,4755.32,Unknown Merchant,1
fc87fe23-ea4e-4fff-b6d7-140c8f0bdba7,user_13,2024-03-08T01:00:00,100.54,ATM Withdrawal,0
071c10e4-1f92-4fb3-bcdb-7871881dccdd,user_13,2024-01-16T16:00:00,174.72,Netflix,0
13f1e96d-95a9-4780-bc0b-7f7dd59ff621,user_5,2024-03-09T18:00:00,85.3,ATM Withdrawal,0
d9d7a990-e3b2-47b1-9191-96ebfe2a43aa,user_18,2024-02-15T05:00:00,46.37,Netflix,0
c5cc3393-bffd-4a2d-b7b3-58ff663b5cf8,user_3,2024-03-19T16:00:00,80.67,PayPal,0
465ebdc3-befd-4b1a-b822-d2aae3ebd559,user_7,2024-01-05T09:00:00,2582.27,Unknown Merchant,1
f53b2ab2-7d75-4ef4-8b0b-ce1d089d86fe,user_19,2024-03-02T19:00:00,121.57,Netflix,0
e1d39bb4-7cf7-4cab-aaf4-82b75df24d0a,user_11,2024-01-26T20:00:00,86.64,Apple Store,0
e9870ffd-14c7-4561-80be-9da0a8a831c9,user_13,2024-03-19T02:00:00,53.12,Starbucks,0
c4f240dc-865f-4092-a167-b36bf4572e2e,user_18,2024-02-25T08:00:00,69.3,PayPal,0
1f12634b-5714-472d-b367-692e18165ec1,user_15,2024-01-09T09:00:00,402.29,Shell Gas,0
a100d6ce-42ff-4117-a8f2-caac3e42eebc,user_12,2024-01-27T16:00:00,68.72,Netflix,0
b2dde724-e99b-458f-81c4-30ff2932222e,user_1,2024-01-23T06:00:00,107.33,ATM Withdrawal,0
cf87fdfc-ccfd-40e9-946f-b93dc5b7d9cd,user_7,2024-01-29T03:00:00,38.04,Netflix,0
50f3a047-8c56-4337-b5ca-a72e890b86a1,user_11,2024-01-22T23:00:00,182.51,Unknown Merchant,0
be7f3b2c-ad25-456b-8835-3a684ff58123,user_12,2024-01-15T10:00:00,30.27,Target,0
5c87b0ab-fffb-4446-9a8f-68c27c3acfda,user_18,2024-02-24T18:00:00,336.36,Walmart,0
d4a482ef-849b-4dc0-81ad-fda9f54de142,user_2,2024-03-06T05:00:00,6045.86,Unknown Merchant,1
5fc0be97-ddef-4a69-a1ec-23907791913d,user_12,2024-01-06T03:00:00,146.25,Apple Store,0
48fccd54-3e46-4b4a-a7f8-18fd794415b7,user_16,2024-01-02T08:00:00,308.66,Target,0
b7e13e98-4380-4307-9292-1e1df514f46a,user_4,2024-02-14T17:00:00,49.58,PayPal,0
cbe37334-3288-48df-a970-c588982de743,user_12,2024-01-23T19:00:00,139.7,ATM Withdrawal,0
360ac157-0558-4e8e-aedc-cb386f82a989,user_8,2024-02-29T11:00:00,27.36,Walmart,0
366337ba-90e2-4466-934a-7929ac573bcc,user_2,2024-01-08T23:00:00,73.06,Unknown Merchant,0
d5fcfc58-e8c1-4567-bd3a-0387e90ca1d9,user_1,2024-02-29T23:00:00,36.53,ATM Withdrawal,0
3c5b1985-3043-42d8-837e-bd40028ffb6c,user_11,2024-02-18T06:00:00,2594.78,Unknown Merchant,1
19b64a2f-0111-4f54-9ac1-022543022a8a,user_9,2024-03-17T17:00:00,106.99,Target,0
1dd32e1c-5c65-43e6-8e54-978f21b8a683,user_11,2024-01-02T08:00:00,300.38,ATM Withdrawal,0
601f6da1-c968-4095-8fda-deb9badfd5e1,user_10,2024-01-14T20:00:00,110.23,ATM Withdrawal,0
f7d581dc-b62c-44eb-87bb-62a419569643,user_18,2024-01-29T07:00:00,48.79,Walmart,0
4683e3d5-d800-435e-90ec-09b091809622,user_12,2024-01-05T13:00:00,43.86,Walmart,0
254563be-47ea-4b55-b760-4cbc7e430673,user_20,2024-03-22T11:00:00,46.93,Unknown Merchant,0
24c75287-03b6-4053-b745-2684ff11db17,user_12,2024-02-17T04:00:00,261.29,Apple Store,0
862af7d8-6d45-4d9e-8947-bbe74bbc80ba,user_3,2024-03-06T21:00:00,201.57,Walmart,0
c9721fb5-9ec1-4633-b280-44b8fd9c6cd2,user_5,2024-02-02T10:00:00,199.04,ATM Withdrawal,0
fdc89d34-4950-41de-832c-5d91e648dc52,user_4,2024-01-08T19:00:00,69.18,Target,0
2c811ba4-9a2f-491c-a777-2e522b568100,user_14,2024-02-08T07:00:00,4831.31,Unknown Merchant,1
376e2166-63fa-4d3f-9d6d-12191e8a5051,user_3,2024-02-20T22:00:00,5310.48,Unknown Merchant,1
4009c4c9-75fa-4fdc-8964-a687e28ebce1,user_3,2024-03-02T20:00:00,43.28,Target,0
ed8f976c-4259-4a50-af3c-6d0980c00020,user_9,2024-02-12T01:00:00,50.22,Starbucks,0
dc9497c9-e2fa-4dff-b983-a3b0196690d3,user_16,2024-03-07T18:00:00,41.43,Netflix,0
2d7ddcc8-7854-48a1-90d7-26cd75e27b80,user_16,2024-02-20T16:00:00,120.95,Target,0
5c0463b8-95da-48ff-8c67-14f637de2e2d,user_13,2024-01-29T08:00:00,191.72,Shell Gas,0
87980863-e0e5-45e5-9ac8-22aef2d3d9c3,user_14,2024-03-10T14:00:00,321.31,Apple Store,0
7d49ce8b-a1f7-4a3b-a791-16b3ff7388c7,user_11,2024-02-21T11:00:00,223.16,Unknown Merchant,0
7ed823a5-9f0f-4fd1-bac5-5239ffc9e161,user_8,2024-01-28T19:00:00,35.62,ATM Withdrawal,0
2ac102d7-fb53-487d-b419-a72aa8f4fa61,user_19,2024-01-18T01:00:00,7817.71,Unknown Merchant,1
ad391542-e069-4f29-9061-150f2eebee9b,user_7,2024-02-07T09:00:00,310.51,Target,0
8a4d0198-2259-4695-8b72-0aee0345d7d6,user_8,2024-01-22T13:00:00,193.38,ATM Withdrawal,0
4228ff6e-b7f5-4d51-bc16-207d72c80992,user_20,2024-02-10T21:00:00,114.71,ATM Withdrawal,0
c200794a-9079-49a6-a373-f4b2d6df5986,user_12,2024-02-29T20:00:00,290.65,Walmart,0
59c846a8-562e-42f1-9385-c04d565b8852,user_8,2024-02-26T02:00:00,9868.87,Unknown Merchant,1
59d22fe0-21fe-438f-97f3-2c13c151a2c1,user_13,2024-03-23T12:00:00,81.74,Starbucks,0
72ebb626-6a9e-44dd-b237-f1ff1de3b936,user_17,2024-02-17T14:00:00,116.76,Unknown Merchant,0
80256b86-afd8-44f7-9acd-0e1f8d9cd1e2,user_15,2024-03-06T21:00:00,199.55,Target,0
865bf68c-9d84-40d7-9385-c0499b21fe4e,user_1,2024-02-11T04:00:00,35.54,Walmart,0
8e20a807-d8f6-4c3d-9dcd-928940efa8a2,user_5,2024-01-30T17:00:00,56.04,Netflix,0
91aae566-d6b7-4b29-b4c6-2d637128372d,user_12,2024-02-10T15:00:00,83.93,Amazon,0
e41665cc-9d5b-4231-b644-03f38d5dd6bb,user_4,2024-01-02T22:00:00,351.18,Target,0
31b95d34-cf8e-403b-b48b-3516cfc9fe5e,user_8,2024-02-14T00:00:00,52.88,PayPal,0
985a21a4-7df1-449d-a74e-1f083e63a9ac,user_15,2024-01-20T18:00:00,271.44,Target,0
6c185c17-7f8b-45df-9472-3e23fbd1a057,user_14,2024-02-03T18:00:00,3718.37,Unknown Merchant,1
60e940f5-6d9c-4cec-86a6-80d354e5f49b,user_9,2024-03-05T04:00:00,354.55,Apple Store,0
b91e1027-ebd7-427b-9cff-38c911aad19b,user_18,2024-01-16T22:00:00,71.56,Walmart,0
1d24e13f-871e-460e-9f26-579438063b3e,user_16,2024-02-15T00:00:00,228.45,ATM Withdrawal,0
6cf34e6b-c25a-4f2c-a21f-f8d493902f58,user_19,2024-01-10T17:00:00,23.31,Apple Store,0
ea760167-479b-4ca3-b721-637ddb9cdda0,user_10,2024-03-19T09:00:00,106.88,Target,0
bc654b9e-adc9-4767-ac6f-9e2e9b930e1d,user_8,2024-01-27T01:00:00,38.91,Target,0
fa8db5c6-ed5f-4b48-8534-6cf4330866f2,user_14,2024-02-20T21:00:00,40.19,Target,0
c1d46f0b-ec82-4f66-b4f9-4e15848cd0b8,user_18,2024-02-29T04:00:00,52.55,Starbucks,0
d84f9586-084c-4e32-8ebb-1839f8b7bc30,user_11,2024-03-12T20:00:00,83.84,Shell Gas,0
2ccf6b17-7338-4fde-8ef6-a98f84206418,user_16,2024-01-12T15:00:00,45.64,PayPal,0
4c74e2d1-d8da-45ed-9438-a7964cf04ab4,user_16,2024-02-04T21:00:00,138.9,Unknown Merchant,0
b25b020b-6464-41cd-81c4-27e6be04b628,user_3,2024-02-18T05:00:00,60.73,PayPal,0
32e818e7-74b4-4dc0-ad19-aa67a74dee61,user_15,2024-02-18T06:00:00,373.12,PayPal,0
44424ac6-c239-4143-9430-aa7ee36cae31,user_19,2024-01-10T17:00:00,44.83,Shell Gas,0
30e5dac4-6a1a-4ad8-a9da-4dfe4e85e8d4,user_2,2024-03-05T20:00:00,174.6,ATM Withdrawal,0
cecdcdb8-16fd-410a-bffc-013ddaf551e6,user_8,2024-01-26T09:00:00,19.74,Shell Gas,0
e4248d29-3b5a-4539-bbaa-ed65a64e517f,user_20,2024-02-23T23:00:00,69.63,Netflix,0
6fb8f044-1adc-41b4-9587-7153f4744bb5,user_2,2024-02-18T15:00:00,67.71,PayPal,0
c0bad641-0ca2-43bc-8fd9-8679bdf7a289,user_10,2024-01-25T16:00:00,732.91,PayPal,0
c9b9b0c1-8dd8-460b-8bce-d97a217f25c3,user_4,2024-01-12T13:00:00,160.28,Target,0
fecf590e-0e9a-429c-b60e-ebb9823a54f0,user_11,2024-03-11T16:00:00,75.82,Starbucks,0
d42d5c15-d144-4496-8c3f-2e6698107223,user_13,2024-02-08T13:00:00,167.0,Starbucks,0
bdf208bf-9a0a-4834-94bd-987fa5b13fde,user_12,2024-02-08T19:00:00,225.56,Amazon,0
4254c2ec-22d2-4b30-ad67-f3c42ea16082,user_3,2024-03-03T08:00:00,548.05,PayPal,0
2f5d1142-5c16-416e-8a8f-946f130f9112,user_14,2024-03-11T09:00:00,52.42,Starbucks,0
ce2b50dd-d062-4b1e-adcc-a6019edd68bb,user_19,2024-01-12T03:00:00,107.38,Shell Gas,0
baac2529-506a-4e9c-9622-b08d45ee5362,user_2,2024-01-04T22:00:00,84.49,Target,0
11554300-69a2-44f8-baa3-f0de4a33f339,user_1,2024-03-22T18:00:00,10.33,Starbucks,0
44f30eb0-989e-4c4b-84c7-88b2b65fd0e4,user_12,2024-01-22T08:00:00,111.67,Starbucks,0
e597a5e0-25ec-46c3-9f7d-ebb574ff4813,user_8,2024-02-06T15:00:00,184.97,Amazon,0
0cd22ef6-08d5-4431-8fa9-9a7964aee438,user_3,2024-01-12T07:00:00,7564.78,Unknown Merchant,1
b1145ad5-278f-4793-9cd2-2fedb5dfaad3,user_4,2024-03-14T09:00:00,79.61,Walmart,0
1e28f4d0-2a2a-466a-bc69-989d54c41b7e,user_3,2024-03-03T08:00:00,143.77,Shell Gas,0
bc49c867-f2db-4847-ad31-63f2c7cd4c96,user_5,2024-02-02T15:00:00,411.75,Target,0
04b930ec-92da-4008-800b-f38f0aaab5bf,user_5,2024-01-06T20:00:00,93.9,Target,0
4cf048a7-6da5-447b-b36f-621975cfb4be,user_7,2024-02-23T14:00:00,119.78,Netflix,0
e2d31829-892a-4660-81ae-b93f6dd5e57a,user_4,2024-01-12T22:00:00,209.38,ATM Withdrawal,0
dedaf7d7-1a9e-43b5-b7dc-455cbe288b97,user_14,2024-01-27T20:00:00,153.1,Walmart,0
4f6bef51-9473-4d62-908f-3645393f0f6f,user_20,2024-02-21T04:00:00,137.62,Amazon,0
2c081246-d3e2-4871-ad71-240a9bec451c,user_10,2024-01-18T12:00:00,94.6,ATM Withdrawal,0
c70a268a-2eac-45d7-b071-1ca30924dfe3,user_2,2024-03-07T21:00:00,89.31,Unknown Merchant,0
bd4d291a-cf4a-413c-a30c-1db0636d0f2a,user_3,2024-02-15T01:00:00,68.11,ATM Withdrawal,0
f84cd320-a7b2-4ce9-96e2-bca364f2d39c,user_19,2024-02-05T21:00:00,50.27,Unknown Merchant,0
970ae7d0-f0c5-4fe4-a3a8-1a7762e84a43,user_3,2024-01-02T10:00:00,2483.75,Unknown Merchant,1
27d102da-6834-4d44-b513-883ec8aa3a40,user_13,2024-02-13T05:00:00,32.47,ATM Withdrawal,0
b809290e-05ec-4c27-ae99-870779226957,user_13,2024-01-08T00:00:00,136.62,Target,0
9301b7c4-d82f-4ce9-90ea-cf2dcf818b63,user_10,2024-01-07T17:00:00,91.79,Target,0
3bc4bdfe-721b-4e21-960f-493c3c1838c0,user_13,2024-02-20T01:00:00,274.19,Walmart,0
0a7adde1-e84e-4aa5-86c7-47dec19614f7,user_14,2024-03-03T06:00:00,203.84,Netflix,0
17f63e3f-4af3-4fe2-892e-eef0880dc6c4,user_14,2024-01-10T21:00:00,76.43,Starbucks,0
0a1622c0-2006-489b-a5e4-0e8ab329f075,user_6,2024-01-11T04:00:00,58.22,Starbucks,0
79154510-761d-4ab5-bf72-02dad32258f0,user_5,2024-03-04T23:00:00,152.57,Walmart,0
3568dcdb-61bd-4a9f-9b71-ac703dacce4d,user_1,2024-01-29T14:00:00,160.6,Walmart,0
ec4323a9-e8f0-4a45-aac9-ee34b7876b8a,user_19,2024-02-23T13:00:00,31.02,Shell Gas,0
a5c0fb23-8e9a-4f0d-bbf3-d463ffad5cfc,user_19,2024-01-15T05:00:00,70.54,Walmart,0
1bd0cdcf-e8ec-4b82-b49f-780813d354f0,user_4,2024-01-20T11:00:00,33.79,Target,0
d2436718-c54f-436c-bd5a-8ba2f04345b7,user_2,2024-02-17T04:00:00,385.55,ATM Withdrawal,0
f0d0dc2e-a9d7-4039-89c4-26b5c54f4da6,user_8,2024-02-05T12:00:00,208.35,Walmart,0
1be20c9a-6050-4504-ae0e-76d8d62ac190,user_4,2024-02-12T20:00:00,115.71,Netflix,0
fb4a2514-be07-4de8-bf4f-04e7d0375c4d,user_2,2024-03-22T09:00:00,29.8,Starbucks,0
2cca0e4c-49d6-47fb-8c65-06e3ecd8c32e,user_10,2024-01-28T22:00:00,31.66,Shell Gas,0
011ff31a-945d-4bb9-bcd6-2a583dfff9bb,user_19,2024-03-07T22:00:00,44.11,Unknown Merchant,0
414d59d1-feae-45f5-ac83-b91bb725001b,user_16,2024-03-06T22:00:00,370.65,PayPal,0
8f74da4f-117c-4ed6-89d7-a3facb0c566f,user_8,2024-01-13T20:00:00,28.55,Netflix,0
fa0d0a96-4c39-4814-836d-55baa8bdfc3a,user_1,2024-03-22T03:00:00,35.19,ATM Withdrawal,0
1d3ca36f-74a5-41e3-a4da-32a8601557a3,user_10,2024-01-09T20:00:00,5.28,Target,0
27d0cea4-16c2-4f21-9433-f9bf31d753f3,user_3,2024-01-04T17:00:00,98.56,Shell Gas,0
b8e866e2-cd45-4784-815f-3df37cd39f4d,user_3,2024-02-19T13:00:00,106.14,Target,0
94a82741-e604-418a-8ab4-951cd8bbc6bf,user_9,2024-03-13T14:00:00,25.16,Shell Gas,0
4bcdde1e-3432-447a-816a-3f486a63685c,user_9,2024-01-20T22:00:00,43.29,Apple Store,0
acc34a00-b7a8-4a9b-82f3-c921f36b12f9,user_4,2024-01-15T00:00:00,81.38,Walmart,0
5b99ae7d-5ddc-4312-9c1e-683f585fa2f9,user_7,2024-02-08T13:00:00,62.93,Walmart,0
c13ab9d0-a293-4f0c-91fe-82500f8bb232,user_10,2024-03-11T12:00:00,182.76,Netflix,0
f6d5acfa-caa2-4662-84c6-fc26cffb6f74,user_11,2024-01-13T15:00:00,42.68,Shell Gas,0
99e4178f-b9b5-465c-b564-64a3b6cc3edb,user_2,2024-02-27T18:00:00,5235.14,Unknown Merchant,1
bdf0314a-0b54-4ff5-990f-f7add63a9d49,user_15,2024-02-17T10:00:00,141.72,Unknown Merchant,0
29092fa4-b902-4795-8980-8429df06a0bc,user_5,2024-01-11T08:00:00,182.66,Walmart,0
e20c4f31-b538-48ab-8c7e-b3a04e0122f9,user_9,2024-03-19T06:00:00,82.34,Shell Gas,0
8d5b805c-8a63-429f-a1a4-515a7124018b,user_15,2024-01-05T07:00:00,30.9,ATM Withdrawal,0
846200bf-576f-478e-8fc0-195fb0f7bc84,user_13,2024-02-28T07:00:00,77.03,Target,0
1a14c5b8-b3b7-44bc-9bed-24cb56e95e5c,user_15,2024-03-16T09:00:00,25.8,Apple Store,0
e68f2d66-6f5f-4130-abfc-2dd5ce0e8344,user_10,2024-02-12T13:00:00,68.8,Amazon,0
0e944540-42f1-49fb-b0df-7dfb649bcd14,user_13,2024-01-12T17:00:00,66.01,PayPal,0
3d364974-b27a-4176-8e48-a7435bf2bfbb,user_18,2024-03-08T19:00:00,30.94,Shell Gas,0
fc7276bd-2e4c-4c4c-9c0b-edf2dfe61bb5,user_16,2024-01-30T08:00:00,280.95,ATM Withdrawal,0
01fc0805-8df7-459e-ac12-71629e700e42,user_1,2024-01-28T05:00:00,103.27,Starbucks,0
c56f258a-9e1c-4d35-ae64-a2bbd674dc0a,user_16,2024-02-15T04:00:00,56.24,Netflix,0
dbfbdf29-cf73-446f-9db2-a74adcb86abd,user_4,2024-01-22T03:00:00,120.72,Amazon,0
6cd36172-9c1e-4412-bd90-bbb510fad6ed,user_8,2024-02-19T03:00:00,26.06,Target,0
c68538b3-714a-4a32-a1df-caf13fb15ba2,user_19,2024-01-28T03:00:00,7604.49,Unknown Merchant,1
