transaction_id,user_id,timestamp,amount,merchant
695715c4-0d85-49c0-91b3-03fec76b4f85,user_4,2024-01-03T03:00:00,139.63,Target
0afe6027-de9d-4b49-adf5-4d5d473f7672,user_4,2024-02-27T17:00:00,186.14,Apple Store
d03e860f-88c0-4f3d-847f-f4f9ab3da3c4,user_14,2024-01-03T17:00:00,90.7,Netflix
b752b69a-2c97-4bb9-b9cb-71230beb34d1,user_18,2024-02-05T19:00:00,35.37,Amazon
5e2348ac-10f4-42ec-8a3f-490aeb67bb28,user_6,2024-02-29T13:00:00,77.71,Netflix
b050f6a7-647e-421d-98d3-6cff650405da,user_11,2024-01-09T17:00:00,299.91,Amazon
02e52faa-e810-4425-8b82-e965bc376bdb,user_15,2024-02-15T18:00:00,39.73,Apple Store
f6289af7-aa76-411a-b3a8-b3c5eebc08b0,user_12,2024-02-19T06:00:00,238.72,Walmart
02f9ff40-dec3-45cf-8264-33076c03b99b,user_8,2024-03-14T22:00:00,42.16,Shell Gas
8598ebe8-eeb8-4172-b547-da7917075aa6,user_6,2024-02-01T14:00:00,49.29,Walmart
8b9a2999-116d-4d6c-aee5-23dc327ca5a7,user_20,2024-02-24T04:00:00,17.01,Target
3edc6c73-3f93-47a2-a91e-c333a6d36b7e,user_15,2024-02-02T09:00:00,125.33,Shell Gas
c234cd5e-92c8-464e-bc1b-34b72564924d,user_2,2024-01-20T13:00:00,77.85,Apple Store
a46d313b-7802-49e7-9a41-95c33f9e12e9,user_11,2024-01-19T03:00:00,128.12,Unknown Merchant
795b4ce7-3e1a-4cda-a3b2-45d150602ff0,user_5,2024-01-23T14:00:00,111.21,ATM Withdrawal
430e9478-83e5-468c-a081-24dd6b6b189e,user_19,2024-02-04T01:00:00,33.78,Amazon
58a74b6c-40df-41c6-aeb7-834326260fa6,user_4,2024-01-14T01:00:00,208.77,ATM Withdrawal
dd13d9b3-b590-4526-a113-b1b5d57afbd0,user_20,2024-01-06T10:00:00,60.86,Unknown Merchant
04fcdda8-a5d9-4b89-8bac-920dcd0be811,user_17,2024-01-22T10:00:00,154.25,Starbucks
19a5ccd5-a964-4731-8d54-3563dc544ddc,user_11,2024-01-10T12:00:00,64.29,Amazon
1011493a-a227-440c-a86e-e25312337fea,user_9,2024-03-23T22:00:00,90.11,Walmart
9498697d-5db7-4149-9fa9-0acff7794ae8,user_10,2024-03-12T19:00:00,146.6,Target
8615cfde-dd6a-49f8-ae2b-915643d5bd44,user_12,2024-03-06T01:00:00,117.39,Walmart
29baf63f-c601-42ea-bdf8-d3125adce546,user_12,2024-03-15T23:00:00,56.2,Apple Store
598dced7-1a37-490f-96b8-607f2bf2c3e6,user_3,2024-01-08T07:00:00,507.74,PayPal
6108d4b6-07eb-4e64-ace2-a52c7fd7e7c8,user_5,2024-01-11T22:00:00,34.02,Apple Store
bbc8bb56-ef52-4083-8074-350b0bf0d9b2,user_14,2024-03-23T07:00:00,38.15,Netflix
fcb6df68-8b93-4f2d-a94f-7cd64e000d57,user_10,2024-02-04T01:00:00,75.48,Walmart
ec072c35-e52d-4849-9705-88f5a9aacded,user_8,2024-01-20T04:00:00,107.75,Amazon
11f9188a-b52c-43a8-b821-16857ae797b4,user_3,2024-03-01T09:00:00,113.68,Amazon
118e6c46-722a-494d-85f6-8d1390a97fcd,user_11,2024-01-07T01:00:00,92.47,Unknown Merchant
41361b42-eeee-4122-8702-46109761384b,user_7,2024-02-16T00:00:00,108.3,Unknown Merchant
431dd293-2d33-4efe-996b-a2fb3afde464,user_14,2024-01-17T05:00:00,17.59,Shell Gas
c3e0dcba-b7d6-483e-a802-8706418273cc,user_14,2024-02-05T01:00:00,76.17,Walmart
8fac2f67-3928-4ce4-a51b-b634356d5a9e,user_2,2024-02-04T08:00:00,432.98,Walmart
10cea1ab-7149-4423-bdf1-983844ef831f,user_8,2024-01-17T08:00:00,41.63,ATM Withdrawal
89cd9465-f53c-4004-bb91-0f3ee570bc06,user_6,2024-01-24T18:00:00,59.82,Walmart
a7b0d96c-84ac-4906-8e89-67d9663b9eeb,user_15,2024-03-09T22:00:00,271.2,Amazon
e202f0b2-63ef-469d-af72-2a51bce48677,user_18,2024-03-12T08:00:00,141.99,ATM Withdrawal
9d67d8d2-046a-4569-9529-87753337f828,user_16,2024-02-11T01:00:00,46.72,Amazon
3809971a-fd19-43ec-a366-1dbdb07ffaed,user_6,2024-02-02T08:00:00,29.35,Unknown Merchant
a1408b9d-5bc4-437a-be97-0d2ee9323d17,user_10,2024-02-06T02:00:00,244.98,PayPal
c3cd80ba-013c-497c-b585-c761e71ca529,user_16,2024-01-14T05:00:00,52.25,Amazon
9380a293-ae44-45e5-980a-78a4b99c0388,user_19,2024-03-03T18:00:00,113.27,Amazon
46643bf1-eae4-4357-a875-eea02b219b7b,user_2,2024-02-19T20:00:00,60.63,PayPal
e3d5e0d7-fd9a-4cb6-b6c2-c4b491cd7c27,user_6,2024-01-05T20:00:00,31.04,Netflix
01fac160-849c-49db-bdcb-d4abf9933cd2,user_13,2024-01-11T05:00:00,368.11,Apple Store
1afecf60-a6d9-42a8-bceb-c9052d21bb49,user_20,2024-01-04T09:00:00,119.36,Apple Store
3980c564-696e-408b-af0c-38c9462fd2f9,user_19,2024-02-14T14:00:00,64.01,Shell Gas
17ea36f8-f966-47b1-949d-3bddc634a2ea,user_8,2024-01-23T15:00:00,58.23,Starbucks
0bedb85a-2963-46f7-a942-cd79b1fca021,user_15,2024-01-27T23:00:00,99.09,PayPal
87a87515-d8b3-44e3-a8d9-9da7326fdb3c,user_7,2024-02-13T04:00:00,72.78,PayPal
858be65d-94e9-4b35-b82c-bbf64ce1ae0a,user_10,2024-02-22T04:00:00,101.45,PayPal
334ab833-f0b7-4bbe-9c91-abe9e87fddc3,user_10,2024-03-20T12:00:00,26.92,Starbucks
c3066286-effe-48c7-8e6d-6343c3c6b1d3,user_10,2024-02-21T14:00:00,49.19,Starbucks
acd1cf5b-664b-41eb-b0f4-c982bb1725ad,user_17,2024-02-11T16:00:00,69.21,Starbucks
6f67f078-0521-4d79-abd0-c30e8528cdec,user_6,2024-03-04T06:00:00,68.63,PayPal
01ffca3b-445d-4bb6-8ed4-7f09f04a343c,user_1,2024-01-10T13:00:00,304.89,Shell Gas
ff0572ad-02d0-409f-a945-47007a5248b6,user_19,2024-02-17T03:00:00,51.75,Starbucks
56d5b56d-bf1e-4e0b-bc7f-e1635b04783f,user_12,2024-03-17T17:00:00,33.67,Netflix
e2377dd5-309e-4313-b00d-2a8881ba9077,user_4,2024-01-31T04:00:00,64.15,Target
bb106d84-16f6-4522-97ef-093353739518,user_8,2024-03-14T18:00:00,42.34,Target
b211c95c-c7e9-4b35-9f0b-14765f2bd6e9,user_11,2024-03-07T18:00:00,19.98,Walmart
f2af208b-b79a-43df-a8be-3e66e0908c10,user_13,2024-03-15T10:00:00,27.22,Netflix
5435cafb-ea1c-48ab-b3b9-81d58a27af35,user_15,2024-01-30T20:00:00,24.38,Netflix
debf53b7-a03f-4648-bcdd-dc01a7679477,user_8,2024-01-03T00:00:00,129.69,Starbucks
1592e0e0-df7e-4aa7-8766-5f4a687716c6,user_3,2024-03-23T12:00:00,160.47,PayPal
4bfbcb0f-2b20-4ee3-8b29-58b003514cc6,user_13,2024-02-27T23:00:00,213.62,Walmart
83bd7f0c-e4d0-4939-9932-0d5c1fbf9c31,user_20,2024-02-07T01:00:00,33.39,ATM Withdrawal
f35c3d9a-1e1e-4ba2-958e-18719b467ce2,user_20,2024-02-13T15:00:00,74.98,PayPal
210b24d4-148a-4192-839c-a5f3cebc1f6f,user_7,2024-02-01T01:00:00,14.24,Shell Gas
41d9b23a-fd56-489f-9151-195da14a9d36,user_20,2024-01-27T18:00:00,116.3,Starbucks
73191c80-9f59-49dc-a89f-b393da1266af,user_17,2024-01-27T09:00:00,126.46,Starbucks
d6a7e8c6-7956-43db-b75a-6f6a61940658,user_18,2024-01-11T20:00:00,25.48,ATM Withdrawal
87f44d50-5260-481e-a331-c9d8274b8f3c,user_6,2024-02-22T12:00:00,105.6,Amazon
4b0a30b3-0946-4acc-adbc-28644a1badda,user_10,2024-01-25T11:00:00,14.06,Apple Store
124de156-6a14-4c1b-8377-08aa81e8aa95,user_11,2024-02-09T16:00:00,70.37,PayPal
600b3b65-4950-4e5c-a2a8-9ec1039d935e,user_16,2024-03-08T17:00:00,95.37,Shell Gas
d12289f6-2bae-4697-93d2-2f786a7f430e,user_3,2024-03-10T20:00:00,202.5,Starbucks
1833d9d1-a8e8-42b5-8ec2-df4abcc3e91a,user_8,2024-03-09T19:00:00,46.19,Walmart
8e99b483-f5d7-462d-974d-bf5eef47041f,user_15,2024-02-05T08:00:00,313.84,ATM Withdrawal
be5b0fcf-f7dd-41c8-bfd3-5e0c5577ce9d,user_16,2024-02-04T02:00:00,32.41,Amazon
ef79c558-6908-4baf-819a-ed452b8f8e52,user_4,2024-03-07T10:00:00,79.47,PayPal
58e8576e-47e8-4b6f-8c94-9856b5ddca64,user_15,2024-01-05T06:00:00,233.84,Walmart
335587a1-1fce-47ad-aecc-6af863432060,user_15,2024-01-12T09:00:00,312.44,PayPal
dcf7d86a-8e0a-4c8a-8783-cd1629245278,user_20,2024-01-28T01:00:00,156.14,PayPal
5c920af8-778f-4d7b-9b5d-e291d101549d,user_14,2024-03-11T21:00:00,246.59,Target
5ca1ffe4-530f-4fb4-aef1-1e177a910a36,user_16,2024-02-08T09:00:00,58.03,Starbucks
5d05b817-cc8a-4b9e-8d32-150300a81ea4,user_17,2024-02-11T08:00:00,114.41,Walmart
37546b52-1ccf-40c6-a751-d2694c44ca9c,user_10,2024-01-21T00:00:00,56.8,PayPal
faa30989-fee3-4e25-9c48-01dbdd67f41e,user_3,2024-01-12T19:00:00,41.4,Target
8762c05b-053b-459b-99e6-1aeadadb0706,user_7,2024-01-06T11:00:00,75.59,Unknown Merchant
24742340-cf37-4cd3-ba8e-c254dcbbbe51,user_14,2024-01-06T07:00:00,44.98,Apple Store
1578b2b3-b90f-4c4d-ab19-5fa5a3434070,user_1,2024-03-14T02:00:00,308.35,Unknown Merchant
d8cf99f3-26f6-4d6f-ad15-9e648140cf56,user_1,2024-03-21T10:00:00,39.44,ATM Withdrawal
22cc581c-cb7f-4e45-974b-7bee4d33baa9,user_18,2024-03-04T18:00:00,449.9,Netflix
272f9af5-b00d-4505-b462-f253f3c70af1,user_16,2024-01-19T17:00:00,49.11,ATM Withdrawal
c8b25f75-546c-4398-88f3-ea5176bb27a5,user_11,2024-02-27T01:00:00,136.01,Target
4aa452c4-3e78-4391-a3f8-c6777848783a,user_15,2024-03-19T11:00:00,23.27,Amazon
806699c7-c75e-448c-ae52-46ba62daf48f,user_13,2024-02-20T12:00:00,98.58,ATM Withdrawal
0de814f2-186b-4042-9e80-d3a8c10b0a89,user_5,2024-03-14T23:00:00,85.17,ATM Withdrawal
1cd801fe-a07d-4116-8f04-df8d8ec10b50,user_11,2024-01-19T01:00:00,81.95,ATM Withdrawal
50d0f6c4-78b3-484e-b92a-4cc2d8469fbb,user_9,2024-03-05T04:00:00,262.58,Walmart
00301fda-0fa7-41d4-809f-19dd98824af2,user_16,2024-01-02T15:00:00,129.09,Shell Gas
64036301-5eb5-4ffd-b13e-7b29ba957210,user_8,2024-02-25T11:00:00,10.41,Apple Store
61d4ae96-fe52-41e2-a614-a773e003d287,user_5,2024-01-21T08:00:00,19.07,Apple Store
5e3b48f6-6e9c-405c-8152-16f4d0b3e3c7,user_7,2024-02-09T16:00:00,291.31,Target
d49ff02c-e039-40f6-881f-964763e0b0fe,user_20,2024-02-21T19:00:00,142.01,Starbucks
ae47a0b6-1ecf-4a0c-ba1e-22c78871a3b4,user_4,2024-02-19T09:00:00,34.95,ATM Withdrawal
b62f0f7f-ad54-49cf-833b-6cee9dbdbd44,user_13,2024-03-21T08:00:00,123.89,Netflix
940b53ae-089e-43d8-8eb8-31a81664a264,user_4,2024-02-29T11:00:00,105.3,Apple Store
a13ee781-c969-42ac-9ade-a795fa437325,user_2,2024-01-30T15:00:00,102.8,Walmart
615dbead-fd68-483a-9105-100daaf2b8ad,user_17,2024-02-25T06:00:00,21.15,Unknown Merchant
96f0f6d5-73b5-4521-9e5f-d0a2ea9ef64e,user_4,2024-02-06T23:00:00,420.44,ATM Withdrawal
2e9e3fba-8448-47e4-b13c-8d76c6e86e05,user_6,2024-03-03T14:00:00,98.04,Apple Store
57451f90-6fd6-49c1-b971-0b030d8c1aba,user_18,2024-03-07T02:00:00,86.48,Apple Store
f2cfef78-eae8-43d7-a3ea-07e86a000c92,user_9,2024-01-28T12:00:00,46.68,Apple Store
7e674cff-f8fe-41e3-bb6d-b1a4aa8bc4ac,user_13,2024-01-29T16:00:00,51.72,Starbucks
1659d687-11b4-4eea-a994-8c06f772522a,user_11,2024-01-24T20:00:00,516.34,Starbucks
666eb927-7fc3-4f8e-85ba-b389cf291c5a,user_18,2024-01-01T20:00:00,92.59,Netflix
20533ead-073c-469a-8d2d-994af4ecf94e,user_14,2024-02-11T16:00:00,99.45,Unknown Merchant
5692dc74-c465-44d8-8b46-2ea3602b517d,user_16,2024-02-08T05:00:00,140.23,Netflix
78a5f70d-a312-468b-8180-65b4a7b250b5,user_13,2024-02-29T00:00:00,31.55,Shell Gas
f31d82c1-523c-4e3f-9b03-8cf68c8b60d5,user_16,2024-02-17T05:00:00,96.92,PayPal
eff75670-ab08-4b9a-8d58-1bc5fece1813,user_11,2024-01-31T00:00:00,131.87,Starbucks
79dbc23f-b396-4436-99c3-9750d4dbb54b,user_8,2024-01-11T07:00:00,140.29,PayPal
d95e2077-a1dd-4cc6-8f9c-5a0e5ec9dae6,user_6,2024-01-17T08:00:00,42.32,Apple Store
a93ff17c-33ee-4186-9e7c-c856d2717bbb,user_17,2024-02-20T22:00:00,64.64,Netflix
e1d64b3c-6197-405f-884e-2a041f1e118c,user_10,2024-01-20T09:00:00,68.47,PayPal
7126610a-85f6-48c6-bcea-33c7cd6c9d0b,user_5,2024-01-24T09:00:00,193.53,Walmart
af0d597f-7a59-4ce5-94b5-17105cbb33f3,user_1,2024-02-18T23:00:00,51.02,Shell Gas
0f9f8437-4d42-46bb-803b-fdfde963d8db,user_6,2024-03-23T09:00:00,75.81,ATM Withdrawal
c85c293a-cf35-4cd2-ac14-f81a3f190b1d,user_16,2024-01-07T07:00:00,126.11,Target
cdfbf9ff-73a9-479a-be20-d3bba15fd515,user_5,2024-03-10T05:00:00,101.89,Netflix
01c5ccde-6f02-4f46-8258-3f670274bf23,user_4,2024-02-17T14:00:00,226.3,Apple Store
febb3274-b4b9-4879-a41e-7fc0c9afe958,user_8,2024-03-07T04:00:00,95.24,Unknown Merchant
0febef36-ce99-4dc1-99e6-100f540de9d5,user_10,2024-03-14T09:00:00,111.35,Apple Store
7e55ef3f-e54a-4e4a-973c-c765c587767b,user_20,2024-01-06T03:00:00,160.6,Netflix
e376228b-afb7-42a8-8017-5a459557136a,user_7,2024-01-23T13:00:00,116.89,Target
2be9e8a5-f77d-49d8-8d33-3c1ea877bddc,user_18,2024-01-07T09:00:00,40.57,Apple Store
82b55729-4a24-4ed7-a704-5db9d9cf8a99,user_16,2024-01-25T20:00:00,36.56,Starbucks
231d4a46-3e84-46b8-8a8b-caa9da1570a3,user_15,2024-01-07T01:00:00,258.15,Netflix
a73f2adf-dc32-488f-8385-a51a663c1888,user_14,2024-01-10T19:00:00,107.08,Starbucks
62a5ed91-4adf-4799-8928-9208809cba9a,user_5,2024-01-07T02:00:00,189.08,Starbucks
7c559371-8180-4c15-953c-71799897f3fe,user_15,2024-01-11T14:00:00,84.63,ATM Withdrawal
23c08725-59c3-4e07-af39-2558345b8858,user_9,2024-02-12T16:00:00,99.25,Apple Store
9837a870-7bd4-42d4-9b0d-301146a0e48a,user_2,2024-03-16T21:00:00,78.44,Starbucks
ce914340-2347-4647-be88-0dba6da4b844,user_1,2024-01-08T19:00:00,28.72,Apple Store
15378f6e-6952-45ab-879e-23b50f7a4a4b,user_19,2024-03-22T03:00:00,254.93,Target
bbba9359-00ce-409b-913c-6bf62826b61c,user_16,2024-02-14T06:00:00,1072.3,Target
138a3a87-43b1-4f43-b504-2f4420fdeb98,user_19,2024-02-07T04:00:00,129.53,Walmart
87727aa1-a990-4318-96df-ef3392f9dc1f,user_16,2024-01-30T16:00:00,74.79,Walmart
81526f91-6c9e-42e7-b0f5-d136f04660aa,user_6,2024-01-29T03:00:00,70.79,ATM Withdrawal
352d1435-83a5-49f1-b632-5080cf12b0ae,user_18,2024-01-04T03:00:00,82.23,Shell Gas
2d020e44-9647-45f0-8c86-1cf38f493d8a,user_4,2024-03-23T18:00:00,230.95,Amazon
91419fbc-8140-4110-8668-54522f8083a2,user_7,2024-02-14T05:00:00,41.31,Unknown Merchant
236a9658-121d-4562-bce3-b2f06b61e1b1,user_2,2024-01-18T08:00:00,62.31,Starbucks
61625693-7b41-4a51-87ba-39e5ff4edda3,user_15,2024-03-16T03:00:00,122.69,Apple Store
5a50dec3-586e-4874-85f4-49cd0846849f,user_8,2024-03-01T13:00:00,31.7,PayPal
22e09975-d2ee-44b7-b893-9ed46f7d8f71,user_14,2024-01-08T22:00:00,114.39,Starbucks
62c156bc-e506-4e47-8ce8-5b60c4b0899d,user_17,2024-03-01T04:00:00,13.72,Unknown Merchant
fc812287-9ad1-42ed-b52a-fa6c298d3749,user_8,2024-02-08T23:00:00,100.9,Apple Store
fdbae13b-ca35-4151-8aef-ee83082c61aa,user_17,2024-03-04T16:00:00,20.86,ATM Withdrawal
d7d17ab8-0113-47f7-ab08-b5cb20be0018,user_11,2024-03-20T17:00:00,154.29,Amazon
a81dc8a3-51e1-4b0d-ba69-6b77409ca855,user_10,2024-03-02T22:00:00,46.09,Unknown Merchant
3da40b38-01dc-4579-bbac-59d6af7c45ad,user_5,2024-02-08T02:00:00,97.6,PayPal
d5b71135-35b9-4d85-8dc9-1731a640a594,user_18,2024-02-02T04:00:00,82.24,Netflix
00c21305-dbf8-45a4-a21a-059a4f315716,user_8,2024-02-18T19:00:00,29.5,ATM Withdrawal
71f883fd-9d60-4139-9693-41d1e78008cd,user_2,2024-01-28T03:00:00,281.27,ATM Withdrawal
1641c44b-5b13-4d5c-ad96-4feab6dd29c8,user_13,2024-02-26T15:00:00,285.2,Target
b9787df2-cb85-452e-b8a0-69cc887bd839,user_16,2024-03-23T07:00:00,25.11,Apple Store
90ac940d-df13-4522-8efa-75b34bc43558,user_11,2024-03-15T05:00:00,38.24,ATM Withdrawal
ff1732b7-47ca-4b3a-9e16-1098fa6465ee,user_3,2024-03-13T16:00:00,43.71,PayPal
9792fe29-01ab-4c10-bbeb-9913b13770ae,user_13,2024-03-22T10:00:00,36.8,Unknown Merchant
2396c388-3b17-4e54-a6a9-d1f38eadf7f2,user_18,2024-01-04T01:00:00,111.13,Starbucks
49e0e423-220d-402f-98cb-e023ff0742af,user_8,2024-03-04T17:00:00,300.9,Walmart
973909de-ec0e-4af7-9be0-1f49fa649402,user_15,2024-01-15T04:00:00,57.19,Target
c6ba9c14-60c0-47c6-9de2-39f4a629e23f,user_8,2024-02-15T07:00:00,61.6,Target
444f0391-ea35-4016-b7c6-c72b49d13962,user_6,2024-01-15T22:00:00,111.77,Apple Store
844d4516-6436-49e3-9908-bbf856af5033,user_5,2024-01-20T19:00:00,83.81,Starbucks
4841fb67-c5a7-4743-938e-c37469f991e9,user_1,2024-03-17T16:00:00,120.24,Unknown Merchant
3c49c163-51ff-46b8-978f-e5f7ad217e1d,user_12,2024-02-20T03:00:00,145.6,Starbucks
662c6355-2115-481f-9d3e-f87675cf063d,user_7,2024-02-02T19:00:00,69.83,Starbucks
3b0e3816-a19b-4034-a14f-9bcf3d820072,user_10,2024-01-02T20:00:00,44.12,Amazon
2ea19823-547c-4067-8984-e613e394c140,user_20,2024-03-04T14:00:00,85.9,Starbucks
6da6b876-e61a-48ba-8c9e-5ca0e17067aa,user_8,2024-02-21T19:00:00,153.02,Netflix
d0e3d87c-e181-42d1-901a-9774b18dcf3d,user_20,2024-01-22T09:00:00,215.77,Target
970c91f0-76e3-4aa3-9c66-5077808b8b1b,user_4,2024-03-18T02:00:00,108.0,Unknown Merchant
c95d4f01-7d74-4ddf-a5ca-c8f90bb410c7,user_2,2024-02-19T10:00:00,72.71,Starbucks
f7da808a-a027-4596-a57c-e14ad696cf2a,user_11,2024-03-04T18:00:00,77.86,PayPal
ba2a17c4-11a2-4129-8e6d-535de053036c,user_12,2024-02-15T07:00:00,90.32,Target
c3973710-8350-47ea-b550-d44fcdf30d79,user_9,2024-03-18T23:00:00,212.73,Starbucks
7def711f-6db8-4621-aa9b-02d84b7f4f81,user_11,2024-03-09T15:00:00,540.35,ATM Withdrawal
c6b42466-6fe6-465b-b408-4d230170455a,user_18,2024-02-01T05:00:00,35.56,Starbucks
95dcfe60-dc9a-4ec7-be98-a89507ebb96e,user_18,2024-01-11T13:00:00,74.47,Starbucks
4f5b8a50-3b2b-4396-8366-dd10dcbae051,user_19,2024-02-02T12:00:00,44.63,Amazon
990a7c76-5e3e-4d01-a235-11d46b834cb3,user_20,2024-03-16T10:00:00,222.54,Apple Store
ea5bbcaa-1c37-4236-be48-61c37e155dab,user_8,2024-02-25T06:00:00,201.37,ATM Withdrawal
43af7200-d103-4f12-847a-cfbf391eacde,user_4,2024-01-12T22:00:00,40.98,ATM Withdrawal
f1c04f7b-4061-4e76-9882-feb49c2a9c26,user_15,2024-02-01T15:00:00,223.84,PayPal
8c6c53e5-99bc-495d-9b94-f7f76ed94921,user_14,2024-02-20T02:00:00,133.39,ATM Withdrawal
11dc8021-fc69-41d4-a70a-d361f8361c7b,user_4,2024-03-12T03:00:00,87.82,Starbucks
ac4c78a4-222a-4654-b55e-47e8510f609a,user_2,2024-02-28T21:00:00,65.42,Netflix
50b42176-0118-46e9-a7b7-6491a4f62389,user_12,2024-01-09T11:00:00,255.51,Shell Gas
375bc3b6-e380-4ee8-a296-0e5d6e753ce7,user_2,2024-02-03T23:00:00,44.2,Apple Store
777a898e-b588-4f03-9f39-d6667576876e,user_1,2024-01-05T07:00:00,151.46,Target
63254756-ebef-4253-b77d-e7851010cbf1,user_19,2024-01-18T12:00:00,53.91,Netflix
04681320-5a4c-44f7-845c-a1e305c3e76c,user_11,2024-03-07T01:00:00,51.39,Starbucks
a431970b-30bf-4305-97bf-10ab1093210f,user_6,2024-01-10T09:00:00,112.94,Amazon
badff11e-af4d-4191-9dc1-5fb15ec5985e,user_12,2024-03-08T09:00:00,235.76,Amazon
a9f3fd27-5121-4366-b1d0-182a0f5fde28,user_6,2024-01-23T15:00:00,103.62,Unknown Merchant
8b44e80f-8d85-4651-bc3b-bee4203edb7e,user_15,2024-03-07T09:00:00,56.49,Unknown Merchant
72df4885-ff16-4d4a-b636-b6a8e83704e8,user_17,2024-01-19T21:00:00,95.04,Amazon
e13b87d9-11d5-4827-a222-fab873449d30,user_2,2024-02-10T20:00:00,206.6,Walmart
4771d9d3-f65c-4274-b16c-e081458d7815,user_16,2024-03-01T18:00:00,20.72,Walmart
55e840b0-3779-4d97-bd11-bef77348641b,user_5,2024-01-24T11:00:00,135.84,Shell Gas
ada2d0c3-d8c9-47e2-857a-6c43fabba64e,user_13,2024-02-20T23:00:00,97.2,Apple Store
b3da132b-d6fd-4b66-90b3-fcaac703c1fb,user_14,2024-01-09T11:00:00,141.77,PayPal
ff8fb7fb-7e43-4197-a244-78acc7ca9c8f,user_7,2024-02-06T16:00:00,82.58,Shell Gas
d2ddc694-1615-4a29-9250-08a2cf46eab1,user_15,2024-02-04T00:00:00,79.25,ATM Withdrawal
bcee4ba9-510e-4584-8fa3-1e4948fc210f,user_11,2024-02-26T18:00:00,146.6,Walmart
ea92aa30-2eca-4482-b04f-0d7d484b55a7,user_3,2024-01-08T22:00:00,62.42,Shell Gas
e1f20507-6b4a-4105-8b23-59e10a936b5e,user_5,2024-02-17T11:00:00,116.34,ATM Withdrawal
ed1ea1df-250f-4b5c-9c40-4e67ae9482e0,user_12,2024-03-15T13:00:00,223.34,Amazon
4871eb72-851d-4ae9-a13f-2fd87e08e5ca,user_10,2024-02-21T05:00:00,67.55,PayPal
7839c453-3fe0-4cd7-b9af-32ab628e97fb,user_7,2024-01-14T04:00:00,118.78,Walmart
2053c580-cf30-453f-b3c0-82f5df57bad3,user_12,2024-03-13T03:00:00,98.22,Starbucks
e70298a0-fc9a-4b6c-9f5a-4c4788dd5a62,user_19,2024-01-20T07:00:00,139.25,Amazon
7b7b4fdb-79bd-4697-80ac-d31691577f1f,user_20,2024-03-20T06:00:00,182.48,Amazon
70a24f4b-465a-4980-a392-b35ee6af0c7b,user_6,2024-01-24T07:00:00,134.64,Shell Gas
38565e22-b7de-4b81-b2bf-5172ab3c7068,user_12,2024-01-01T12:00:00,54.04,ATM Withdrawal
d22ea198-9c47-4309-bebc-ff67dadfa7aa,user_3,2024-01-13T02:00:00,27.29,ATM Withdrawal
e36c04be-daa6-4668-899e-c1e93f033c3f,user_14,2024-02-08T17:00:00,63.65,Shell Gas
5617aa8a-3a97-435d-a6ca-72275b42edd1,user_19,2024-02-20T21:00:00,26.3,Walmart
683b1bb1-854e-4453-a04f-4b3054f45b9a,user_9,2024-02-07T19:00:00,138.67,Unknown Merchant
1f357bea-db3e-43ba-a2ce-4d2e4038e724,user_14,2024-01-24T07:00:00,40.43,Shell Gas
fa37d1a6-f035-4169-9956-2932c998d5a7,user_14,2024-01-10T11:00:00,35.69,Unknown Merchant
c2d3ddaf-13bf-4dde-9f04-ba624111e980,user_17,2024-02-26T22:00:00,64.24,Apple Store
baa70934-2b3b-40c3-83a0-73e0991a7e4f,user_2,2024-01-01T15:00:00,426.58,Starbucks
fecf403f-c14f-4f23-b4ba-476f1351d9e2,user_11,2024-01-11T05:00:00,43.9,Netflix
d4e41999-de54-4571-9f95-f8804f537445,user_17,2024-02-17T16:00:00,114.86,ATM Withdrawal
3effbda3-c008-4347-87eb-6feacbb6e244,user_10,2024-01-10T19:00:00,75.46,Shell Gas
f99817c7-7526-4467-a39f-1ad2319316a8,user_3,2024-02-07T06:00:00,168.14,Apple Store
56660e14-95c8-4169-a337-c3d55b5d2ae6,user_13,2024-02-14T17:00:00,138.85,Target
d362e23f-1f89-4a79-a112-7c52983de0ba,user_3,2024-02-13T13:00:00,132.89,Netflix
0b7fe42e-0e30-4864-94dd-3cd87e91b93d,user_12,2024-01-30T23:00:00,504.52,Target
a0e21855-a44d-4167-ab06-ed869e4481dc,user_8,2024-01-09T18:00:00,49.18,Apple Store
d10d89ab-43ee-4785-b5b4-fdd66ff16575,user_5,2024-03-05T20:00:00,132.24,Unknown Merchant
5b00d4e7-222e-4f65-8b6b-3026770c251c,user_15,2024-03-05T09:00:00,110.83,Apple Store
6a4531de-8476-4d4e-ac86-481d8226da71,user_20,2024-01-28T13:00:00,344.12,Target
b682edbd-448e-46ce-ab49-50bc734f7459,user_15,2024-01-06T19:00:00,80.18,Starbucks
995cdf19-a23b-4a68-9b1c-5b7af14cae33,user_19,2024-01-05T19:00:00,72.28,Unknown Merchant
95be5bb9-9a74-4272-b060-e47fea5f2842,user_15,2024-01-04T05:00:00,319.43,PayPal
d14a4827-13e8-4ab9-a5b4-5c2fb2e0fe91,user_13,2024-02-09T11:00:00,1001.02,Amazon
f8b80593-8055-480d-be06-88f93de14d82,user_15,2024-03-18T13:00:00,305.29,Shell Gas
586f49fd-bbe0-439a-a296-2f46fa641a6d,user_20,2024-02-10T14:00:00,94.1,Unknown Merchant
b3430424-d552-42e5-877e-9c23e9c01f60,user_4,2024-03-10T04:00:00,207.33,Walmart
1a99000e-ea8d-42f7-bcf0-53a63febfc7e,user_17,2024-02-25T03:00:00,49.53,Unknown Merchant
5884e6e5-1826-4c8c-bcac-dfe5a55fbebb,user_15,2024-02-14T17:00:00,93.42,Shell Gas
e2c0d6db-023d-4217-abcc-fcf6a4b974fa,user_10,2024-02-03T01:00:00,74.5,Apple Store
fc379b78-0a7e-4eea-8a91-9dc2120894da,user_2,2024-03-08T08:00:00,117.92,Shell Gas
463390f1-e1b2-4d2a-8201-09b6f44dcdd4,user_4,2024-02-17T14:00:00,126.72,Apple Store
5e691af0-fa5d-4389-adcd-03ae62847e16,user_5,2024-01-29T10:00:00,206.27,ATM Withdrawal
9d2aa132-38a8-4c87-ac04-bfa7a351e379,user_5,2024-02-20T18:00:00,123.12,PayPal
6dadacc5-23d9-4a90-b90b-f5018449d33f,user_13,2024-02-24T21:00:00,352.48,PayPal
55fd9a9b-b5c9-4da6-91b0-9a98571dce19,user_3,2024-02-25T03:00:00,144.89,Amazon
d26531d5-82fe-47c4-a4fb-c47bca3f80ab,user_12,2024-01-27T08:00:00,51.5,Unknown Merchant
7df99cf9-d242-4457-823b-e1ad26eb2fe6,user_7,2024-01-20T07:00:00,23.98,PayPal
c28f89c6-5bb7-4ddb-855f-bc5572a5499e,user_18,2024-03-12T06:00:00,179.78,Shell Gas
9073a269-28c4-4466-9268-c5a63751cb61,user_20,2024-01-12T04:00:00,105.4,Target
e8be1036-2b31-4bb8-b07f-e00cee3d9ef9,user_20,2024-03-10T00:00:00,33.61,Netflix
26fbed89-9898-4889-b71f-ac0693f1e91d,user_15,2024-02-22T02:00:00,27.83,Unknown Merchant
92874bfb-debc-4153-940b-19a7b9e892c9,user_8,2024-02-15T13:00:00,24.4,Apple Store
2882ca8f-1b30-449f-80c6-a79dfd48e7f4,user_15,2024-02-09T09:00:00,476.57,PayPal
5db96c76-3201-41c4-abe5-95085a8f86aa,user_17,2024-02-05T17:00:00,145.46,Starbucks
b0fcec94-0ddb-43bf-b3f0-6c5881b95d04,user_2,2024-02-24T17:00:00,86.28,Walmart
4c515d42-6c42-496c-b739-56d925236e81,user_17,2024-03-13T15:00:00,38.61,PayPal
53b5c978-7d0b-4df9-96bf-3ab5bfb7086e,user_5,2024-03-11T21:00:00,18.15,Netflix
d211cc79-23f8-4410-afd0-efc396b7a5f2,user_15,2024-03-16T11:00:00,72.81,Amazon
0323bd45-5643-4631-ae08-c8e3ee6caf41,user_13,2024-02-12T20:00:00,67.91,Walmart
00692297-87a7-4370-8303-2659f63c2ea0,user_12,2024-01-20T03:00:00,340.3,Target
342128c5-66c5-4c03-b90e-a2497d8e8773,user_5,2024-01-04T06:00:00,16.15,Target
4b9c5499-5db5-46ba-8ce9-da46fbcf0ac2,user_16,2024-02-08T06:00:00,483.75,Amazon
b92ad072-cb25-4795-86ba-ac60bd276994,user_9,2024-01-19T09:00:00,249.35,Apple Store
4eedae1d-e62c-4da9-a4ce-62ba09b2ba0b,user_17,2024-02-06T02:00:00,42.54,Starbucks
6e380881-3cac-4462-8670-c03cd1760cd7,user_4,2024-01-05T01:00:00,33.31,Apple Store
33528696-8fcf-422e-be9b-70d3b7f33138,user_15,2024-01-06T08:00:00,103.03,PayPal
940dc993-9f52-4c43-84b0-472ab53f44ac,user_19,2024-01-21T15:00:00,137.44,Amazon
0f152057-bcc5-4c19-a65b-d99a1818c048,user_20,2024-01-31T02:00:00,48.9,Walmart
7e466d2a-362c-4e86-a277-5eb1db59c98d,user_17,2024-03-24T04:00:00,119.49,PayPal
ef56ec81-66a1-4d45-9583-1cf26f4b9962,user_18,2024-01-02T17:00:00,67.78,ATM Withdrawal
9dd5538d-87ad-42b4-905a-db1117a20448,user_12,2024-01-22T15:00:00,152.62,Walmart
cad2eaf1-0065-435c-927c-4efbb52faeaa,user_12,2024-01-21T13:00:00,212.72,Apple Store
c571eb4c-5381-4197-83e4-ec8275c07a01,user_11,2024-01-12T09:00:00,22.7,Target
b1d5daf6-3786-4d52-9cce-e626cdca785d,user_15,2024-02-29T08:00:00,86.83,Target
a888f0db-cb4d-4fa5-8db0-ee1bb7b487ac,user_3,2024-03-02T02:00:00,181.08,Starbucks
c7758db9-1e8a-4def-b2e8-8825515cd1c4,user_7,2024-01-04T17:00:00,62.38,ATM Withdrawal
8cb8dc8e-8b63-4915-92f0-9b4af9b3e583,user_18,2024-02-10T09:00:00,22.82,Netflix
e111457a-efb7-4ed3-8190-a39d02e027fb,user_10,2024-01-31T11:00:00,120.79,Shell Gas
52ce8554-5261-40ad-92fa-33132e3161ef,user_14,2024-03-16T21:00:00,70.46,ATM Withdrawal
eff46420-94c5-49d0-947e-b8feafc6fa29,user_11,2024-03-24T02:00:00,22.29,Shell Gas
74f35a73-69a8-4971-8039-9d35834faae9,user_17,2024-01-23T18:00:00,409.27,Walmart
b7a9b5a5-9238-4ffc-b08d-caf9f8794967,user_14,2024-02-21T09:00:00,65.67,Shell Gas
df6098d0-7fca-42ad-b8c1-fc0471673dab,user_10,2024-01-27T03:00:00,69.21,Target
c951a5e7-ecf5-4b60-bd54-4b31cd28832c,user_15,2024-01-30T23:00:00,69.02,Shell Gas
9976b92d-4e63-4c52-bcd5-13fb4f36fa84,user_20,2024-02-07T02:00:00,121.08,Target
f2e98982-888c-4020-88d5-ce9f5096aa80,user_1,2024-01-13T04:00:00,398.02,Unknown Merchant
7778b7ce-570c-472d-ba62-a18ad26dd09a,user_2,2024-01-11T18:00:00,66.87,Apple Store
ab229c10-7f2d-49a1-b154-81ff1551c54e,user_2,2024-02-21T15:00:00,37.91,Shell Gas
a512d5ca-9053-4816-8ce0-d25525ba7e7a,user_12,2024-02-07T21:00:00,210.06,PayPal
9a803cde-bfca-4947-9856-7e0c84ca1a63,user_12,2024-02-03T23:00:00,63.23,Walmart
8bf85a90-28fd-4347-bfe9-ddadd902264a,user_1,2024-03-03T18:00:00,36.84,PayPal
ee135a15-a159-4923-81f9-1855519809fc,user_4,2024-01-23T08:00:00,322.16,Netflix
2cd5cff9-d711-4c7c-a41d-c34ff3855230,user_20,2024-01-25T08:00:00,55.92,Walmart
bfae8d97-bdfc-4fa0-89ea-bf90cc7e2f1e,user_15,2024-01-15T17:00:00,241.31,Walmart
d3adafb1-8662-429e-aaf9-3ad2cb3ae783,user_11,2024-02-26T23:00:00,71.96,PayPal
bafae7e0-be45-4840-b198-7e70ff71192c,user_10,2024-03-17T01:00:00,64.98,Target
624f7f03-7332-41bf-a2f5-2eac5a36b217,user_12,2024-02-13T09:00:00,152.19,Unknown Merchant
40bca6b4-49c1-44ba-8a25-e4862207498e,user_1,2024-01-31T19:00:00,101.24,PayPal
34222a3d-16fa-4c8d-a4ff-c7261c4d9a59,user_5,2024-02-22T05:00:00,54.94,Unknown Merchant
fa6b8269-6b95-4fe6-b001-54ed6d16d2fa,user_17,2024-02-05T01:00:00,728.55,Walmart
b8c38001-1a24-4e74-8d0f-03b414e9ec60,user_5,2024-03-23T23:00:00,68.63,Unknown Merchant
46dfac02-5109-47a5-af03-63eccbfe5765,user_17,2024-01-30T09:00:00,106.78,Target
b105c5c1-c7bb-47df-b1b3-9cfef54a813e,user_14,2024-02-12T21:00:00,48.96,Target
1de5a782-28c6-4985-9915-38dce93268c0,user_6,2024-01-28T12:00:00,194.48,PayPal
3a03772f-1e28-4399-a933-6f612b4484c8,user_10,2024-03-13T04:00:00,43.85,PayPal
8c194a69-fe32-4080-a8ca-8fa70f634454,user_9,2024-01-11T16:00:00,140.47,Walmart
04c74ca8-ae9e-40ff-94a6-fd1a1d2725c2,user_17,2024-02-24T16:00:00,22.41,Apple Store
94d1940e-3489-48b6-8899-a025a3f3d413,user_11,2024-03-12T21:00:00,59.78,Apple Store
c7f218da-2d00-43ec-a914-a31356de07af,user_14,2024-02-22T17:00:00,131.63,PayPal
de147cc0-1f6f-489a-9707-59e702a6de4f,user_10,2024-02-24T18:00:00,302.5,ATM Withdrawal
2248e13c-b484-4a85-9b42-fdaf9a00fd82,user_10,2024-02-08T16:00:00,76.65,Netflix
3ecf1d4e-c0f3-4d0a-9d2e-fb1dabfd9b30,user_11,2024-02-21T18:00:00,63.25,Shell Gas
f3bb013c-c2ba-459f-8db6-86b494545478,user_17,2024-02-17T22:00:00,44.13,Walmart
a5d76c74-ddd0-489b-99fc-9eb629622584,user_9,2024-02-08T08:00:00,61.37,Starbucks
24141b8e-7df0-41dc-b96e-d62e4506d38d,user_13,2024-03-14T17:00:00,111.12,Target
e072da7f-3ab3-434c-96c6-9fb1ee9a98ec,user_11,2024-03-20T16:00:00,105.12,Target
154a477a-fec1-4fbb-8751-3dda3c026b5d,user_16,2024-02-13T22:00:00,61.77,Unknown Merchant
deca02aa-7e76-45ca-8178-1b2df1599368,user_1,2024-01-08T16:00:00,309.68,Netflix
a4128023-c159-4f0b-90f7-ac4116e351e7,user_7,2024-02-19T18:00:00,72.77,Unknown Merchant
94b080a9-6cb8-461a-91ce-caebe025becd,user_20,2024-03-16T07:00:00,378.74,Starbucks
628ca01a-87d1-4480-b892-0af749d0bc95,user_18,2024-01-01T16:00:00,207.94,Starbucks
e0791687-973b-460c-b460-203d6801a88b,user_12,2024-03-06T04:00:00,78.33,Amazon
637293e5-f70b-4cbd-8159-d75283b0ce50,user_19,2024-02-17T22:00:00,35.23,Walmart
968e5ac0-2a4b-4df3-a921-7ef5dd28360a,user_13,2024-02-13T00:00:00,77.37,Apple Store
b23cb057-f6e7-47be-9823-35dac25e1ed2,user_20,2024-01-11T03:00:00,102.01,Target
fc0abea5-a5aa-4e01-968f-d49aa34f5315,user_7,2024-02-21T09:00:00,92.3,Amazon
0656de33-6876-4d8b-8c1a-c2de51259d7c,user_2,2024-01-12T16:00:00,401.55,PayPal
73320cc7-2804-4d3d-8be9-b1a9b5f0acc2,user_15,2024-01-13T17:00:00,121.63,Shell Gas
7331705d-1cbe-49e4-ae72-65f2c90906df,user_20,2024-01-28T04:00:00,143.84,Shell Gas
6a6fc2f5-0910-4c83-8c3b-4298e9332a92,user_17,2024-03-11T16:00:00,92.4,Apple Store
4f53a8c1-6642-44cd-84e6-3fa7c097ae29,user_10,2024-02-10T12:00:00,178.76,Walmart
3618a425-ba4e-4848-91a9-a6cf1355b2ed,user_14,2024-02-19T19:00:00,356.9,Apple Store
c863abe5-a896-4907-8726-954316f1c977,user_16,2024-01-23T15:00:00,220.82,Amazon
ad954a8e-0ac1-4594-abbe-faf26d32ab49,user_19,2024-02-10T23:00:00,26.6,Apple Store
e777d695-8c62-4d47-b4cb-44932c61a94d,user_13,2024-01-13T14:00:00,161.18,Apple Store
d800bf76-6cf8-42f6-b3a1-16932612476e,user_4,2024-01-17T06:00:00,34.4,Target
449c7e8b-f397-4d8e-b784-ec04623f0a65,user_14,2024-02-28T22:00:00,39.82,Apple Store
2d798814-f1ee-455e-b70b-82a022bed0c2,user_16,2024-03-15T11:00:00,520.06,Target
a1dbb972-3459-4dcd-a1cc-d9c5a7ac35cb,user_17,2024-01-18T16:00:00,85.83,Target
87303940-495f-4512-b07c-769d9fb38a11,user_15,2024-03-18T20:00:00,99.5,Starbucks
947637f5-1327-4e8a-acaf-e792a7938538,user_20,2024-02-11T07:00:00,51.39,PayPal
c1dc17ef-b9b8-46d8-8dc4-a041c2493474,user_10,2024-01-20T04:00:00,317.72,Unknown Merchant
39c2d52b-5ffc-41e4-80d7-86e6207f8e4b,user_11,2024-02-10T22:00:00,157.28,Walmart
abce4a58-0600-4c65-a361-3132dacf4b98,user_19,2024-02-27T17:00:00,158.96,ATM Withdrawal
df316641-9243-4dae-b378-9fbe2d97a585,user_12,2024-03-22T11:00:00,139.64,Amazon
52619e17-824d-4697-9932-0c793b7af7d9,user_10,2024-03-22T12:00:00,141.12,Unknown Merchant
92f9f84d-08a8-4783-b369-9ff4ceb934cb,user_9,2024-03-04T18:00:00,86.84,PayPal
93de4e58-8d7f-44ca-9d37-995cd5162585,user_9,2024-03-20T14:00:00,101.18,Walmart
8c79a7d4-1df0-44a5-8dd0-ffa2636d5b1a,user_20,2024-03-04T05:00:00,105.35,PayPal
24ea511f-0daf-477f-95c0-f8295fbf9326,user_8,2024-02-24T10:00:00,59.89,Shell Gas
a951ecd5-f5b1-4b8f-bcf0-99c534f84563,user_16,2024-01-09T13:00:00,120.1,PayPal
0b83b6e7-c2bf-4294-9822-7f5702fa7a01,user_6,2024-02-04T17:00:00,522.22,Unknown Merchant
6a6e5154-4023-4a04-9804-cf1250748bb5,user_16,2024-02-25T12:00:00,45.01,Walmart
041fc1ea-f6a2-412a-a272-e18a2e52f0b8,user_19,2024-01-20T19:00:00,107.15,Amazon
5d7cf7b2-f9fd-4131-9710-030b7399f013,user_6,2024-02-05T15:00:00,170.12,Amazon
3413266f-07d7-410e-ba66-5a37c7cfe46d,user_13,2024-03-08T05:00:00,81.46,Starbucks
0b2a0d9d-1f15-469b-981c-c2daa41d8bfd,user_2,2024-01-01T18:00:00,44.85,Shell Gas
4b281c0d-98d8-4c3b-91f2-2174de30602d,user_10,2024-02-08T18:00:00,78.57,PayPal
96df199d-1ca2-4d4d-9c19-fee0f9be789f,user_15,2024-01-24T06:00:00,55.97,Target
f31c3c9c-9b08-48f9-b6fd-33f731a22306,user_15,2024-02-25T07:00:00,59.78,Shell Gas
af6b75d7-a0f3-4634-a487-8db99e1caadd,user_10,2024-02-18T10:00:00,121.1,Apple Store
5d2dfe2a-3100-403c-ba70-483107c53611,user_13,2024-03-11T13:00:00,77.66,ATM Withdrawal
01ba2dce-456c-4771-8e5c-c438ccbfe79a,user_4,2024-01-16T18:00:00,318.97,Netflix
0a637c43-ae2a-4b32-8016-94fa257fcf2a,user_1,2024-01-23T06:00:00,67.44,Starbucks
21cdca17-d610-4029-b5dd-4d033a66df4f,user_11,2024-01-26T18:00:00,117.33,Starbucks
a0502d5e-5266-4e44-aefe-4f83394fd61f,user_12,2024-02-29T02:00:00,30.28,Unknown Merchant
309475f2-c018-420e-8667-4045d8c99160,user_10,2024-01-14T15:00:00,69.34,Starbucks
dafb04ac-752e-42e1-a593-5e68f52d15c0,user_4,2024-02-24T12:00:00,202.38,Apple Store
a877fa8e-b320-4fa4-823d-dcd66c569d56,user_8,2024-01-19T16:00:00,299.73,Unknown Merchant
e03957a7-6c49-46b4-8ee1-ab6eea23c269,user_20,2024-02-01T21:00:00,69.67,Unknown Merchant
19b2e4fc-4c17-4b97-a4f2-88e2aa81a484,user_18,2024-03-09T10:00:00,120.08,Netflix
72eacb4c-b16d-4d17-8e5b-2ad29d1f0196,user_20,2024-03-15T12:00:00,206.68,PayPal
c0c8865c-9f2a-4893-8fd5-10d634d0eeea,user_12,2024-01-07T15:00:00,37.25,Target
266c7126-7309-4c21-af63-cc8b0af3f665,user_11,2024-03-13T21:00:00,92.91,Netflix
e8e0907c-1fb6-4c17-b512-7ed03c26822d,user_19,2024-02-11T17:00:00,28.6,Amazon
5f1dea91-8c35-47ea-8d52-6ae0637547e2,user_15,2024-01-12T06:00:00,93.08,Amazon
5a867c7d-be16-4039-90de-c3e582795c78,user_18,2024-02-09T10:00:00,126.81,Amazon
9fbe1eb3-6b20-48d6-90cd-80183eaa1d44,user_13,2024-01-22T17:00:00,496.98,Apple Store
4d372573-662e-4e1e-a44b-8e72439eaa82,user_3,2024-01-04T20:00:00,63.46,PayPal
31ffac92-a130-4c16-a9cb-7f22e35cfe2b,user_2,2024-03-20T18:00:00,85.31,Target
bd71288a-6997-4043-baa0-c1fefd361172,user_5,2024-03-06T08:00:00,184.47,ATM Withdrawal
34e4f4b0-31ea-4176-8937-569d809cb619,user_12,2024-03-17T01:00:00,26.13,ATM Withdrawal
9fd6a556-4a93-453a-a834-82dfcbd770ea,user_13,2024-01-07T20:00:00,188.95,PayPal
49e77b46-71e8-46be-af09-87ebe577caa2,user_5,2024-02-25T18:00:00,157.75,PayPal
742a370a-b576-4570-9aba-97f3eb81ef13,user_13,2024-02-15T03:00:00,592.68,Starbucks
a08dae25-ed8e-4c65-8963-f840d8982a0f,user_15,2024-02-27T11:00:00,151.74,ATM Withdrawal
493c4885-837f-4536-8887-4bf583f3a483,user_8,2024-01-22T02:00:00,84.44,Netflix
45747aef-7b58-491e-b131-c7c16ecefaae,user_4,2024-01-03T17:00:00,187.04,Amazon
4646beaa-670c-43fc-8fcc-195c38db835d,user_8,2024-01-18T14:00:00,20.85,Unknown Merchant
5cdc6344-01a4-4b30-9b54-2415e464c389,user_20,2024-02-27T08:00:00,120.7,Amazon
53c68ad1-d9e8-4387-9366-63859a5a4ccd,user_13,2024-02-07T10:00:00,56.5,Amazon
fe942991-a1e7-4130-9d32-e3489c3ba730,user_5,2024-02-12T23:00:00,346.6,Apple Store
d0f1c6c9-4071-429a-a9e5-b526b9431d1f,user_20,2024-03-06T22:00:00,127.56,Starbucks
61d8ffc0-aa97-4d36-b4a8-9462f3e61f36,user_5,2024-02-26T08:00:00,94.61,Starbucks
a224c4e6-a0df-4d56-a9d2-ffb3297d5bd1,user_2,2024-02-17T12:00:00,407.6,ATM Withdrawal
a167dc76-e0f9-4e72-aa5d-39f0ddf3e4b4,user_18,2024-02-12T07:00:00,34.86,ATM Withdrawal
6a0559e1-cb13-4a0f-9ff1-a0ca46a3d381,user_17,2024-01-28T04:00:00,141.92,Starbucks
d8580b05-3ae2-48f6-a9f0-5e674cd79ca2,user_13,2024-01-16T16:00:00,174.72,Netflix
09e0df05-917b-49b7-b09d-3d8ac235c394,user_10,2024-03-14T04:00:00,390.25,Amazon
3e001c18-fd61-4ae4-92aa-fc80b7c1ec25,user_18,2024-02-05T05:00:00,46.37,Netflix
7cab94c4-aac5-43fb-b6ee-f2f7507582d7,user_11,2024-02-25T04:00:00,31.5,Shell Gas
95ee117a-62eb-44cd-b1dc-bf2e509400d7,user_3,2024-02-15T16:00:00,131.73,Starbucks
728dcc0a-fbb9-4c42-b271-6365c3747ae7,user_13,2024-02-27T11:00:00,104.58,Walmart
1228b560-3e04-4ffc-a0c8-5db6bc4fd460,user_7,2024-03-09T15:00:00,331.21,PayPal
aec7e0fb-5027-46df-bcf1-00e8dc29f62b,user_7,2024-02-10T21:00:00,55.24,Walmart
edd9f798-b8cf-421b-8fc9-3941e3dd1ffa,user_16,2024-03-19T00:00:00,36.86,Netflix
fa25f149-febc-4904-a670-fd6e8a9afc1d,user_13,2024-03-19T02:00:00,53.12,Starbucks
0b1449ec-0329-46c1-a51c-d2400cd8c96f,user_13,2024-02-09T18:00:00,96.74,Starbucks
48dfbcf4-a8eb-4cee-b56f-3cf0bf21e8bc,user_12,2024-02-13T18:00:00,240.78,Unknown Merchant
0352477e-1e92-4e58-a679-3fb3c9b9d066,user_11,2024-03-19T00:00:00,49.75,Amazon
9ce9dd02-3d4c-463b-b2f6-7ad8f0daef0c,user_19,2024-03-14T17:00:00,57.52,Starbucks
6bfc0d66-6d88-45db-b029-7a0076a57c75,user_18,2024-03-20T18:00:00,135.9,Starbucks
8fa44388-ed00-4e8d-85bf-a323e39c652a,user_5,2024-01-17T17:00:00,61.77,Netflix
7fac07f6-045a-4268-9a6b-8ffb42b6ff4c,user_16,2024-02-16T23:00:00,176.49,Starbucks
f8cb5e01-8bb4-4135-b611-2e5100e6eb68,user_16,2024-03-23T11:00:00,292.43,Unknown Merchant
f7ab371a-bc89-40a3-9389-696e17490369,user_6,2024-03-03T12:00:00,146.54,PayPal
67c909c4-0c68-46ca-a4c7-42b058093b14,user_16,2024-01-16T16:00:00,314.08,Amazon
e8d88abf-f926-4d7a-a045-ca328cea37a3,user_17,2024-01-03T21:00:00,109.12,Target
973a86e3-c239-4355-a665-cfda2aee07df,user_1,2024-01-19T15:00:00,91.15,Apple Store
46291e83-7648-4464-af58-8c1fa999fb28,user_20,2024-03-18T21:00:00,86.06,Amazon
a6a85a6e-f39d-454d-883d-c4103f994e45,user_18,2024-02-17T01:00:00,79.54,Starbucks
f0b87865-bd76-40bd-913d-e6308507e2c6,user_18,2024-01-25T11:00:00,308.66,Target
42a627c8-90d9-4d84-906c-10f499d48b87,user_4,2024-03-19T08:00:00,36.86,Shell Gas
3fe80d7c-caad-4a35-b4ea-2afd1195396b,user_9,2024-03-08T20:00:00,71.83,ATM Withdrawal
1b5e8c4e-96cc-48a0-a58f-f20a769e4f56,user_15,2024-02-18T05:00:00,28.11,Starbucks
b828da6a-a7d6-4e56-a633-e3909248af2d,user_3,2024-02-25T18:00:00,30.55,ATM Withdrawal
77d67851-d5d2-441f-861f-9d95ca1a6914,user_18,2024-02-10T14:00:00,36.53,ATM Withdrawal
8fac8238-121d-4a60-910c-d3c379d653a5,user_11,2024-02-18T06:00:00,165.53,Starbucks
e279cbc2-bc5f-41e6-a68a-daf92c3b893d,user_2,2024-03-19T20:00:00,315.93,Amazon
039f456a-aaad-45eb-a8aa-d94321cc8a82,user_6,2024-03-20T06:00:00,56.28,ATM Withdrawal
19b2ccb3-58f6-437e-b47f-ca83258711cc,user_3,2024-01-26T12:00:00,48.91,ATM Withdrawal
bfd243d6-0f96-4ed2-b003-739391ddc7a1,user_18,2024-01-29T07:00:00,48.79,Walmart
7efa4f6e-b106-4b0e-9ade-e93c0091629f,user_17,2024-03-04T14:00:00,52.71,Shell Gas
eb91212d-eb57-4e54-8b32-b1a6954c1e0f,user_20,2024-03-06T14:00:00,132.48,Shell Gas
9817554f-c4e0-4bcc-921c-0a02b85b4f28,user_1,2024-02-24T02:00:00,88.23,ATM Withdrawal
94e63837-ac84-48d1-af4e-4574f8075a9a,user_14,2024-01-16T20:00:00,186.19,Walmart
ab1d4906-175b-4dfa-8f9e-3faeec598777,user_20,2024-01-26T04:00:00,374.59,Walmart
e380e4c1-bfb7-474e-b431-69bc51708c07,user_9,2024-01-14T03:00:00,42.01,Target
5d87ffc8-f90f-4b5f-a274-5bf963cc51fc,user_13,2024-01-28T00:00:00,72.93,Starbucks
d52e52e4-c8db-4fd6-9dff-6b938858b7cc,user_15,2024-01-31T17:00:00,134.23,Walmart
2d6b695f-0430-4119-8d3e-64413b649488,user_6,2024-02-06T18:00:00,76.89,ATM Withdrawal
5104d638-1830-4cea-a0b5-b9329f83b1f1,user_4,2024-01-03T05:00:00,25.45,Apple Store
ae339e21-e7fa-4758-8910-54bb051d5a5f,user_20,2024-03-07T22:00:00,60.83,Starbucks
de165bf3-4faf-4482-91c8-38a032d0c2a7,user_14,2024-02-03T02:00:00,362.29,PayPal
45c77a35-7ff2-428a-a959-7f0e69742971,user_8,2024-02-18T19:00:00,98.7,Target
4b7a5200-639e-4e46-afe7-345a6739936c,user_5,2024-01-23T22:00:00,52.54,Walmart
3e263b38-56b9-4744-9d80-139f96767c74,user_6,2024-02-07T02:00:00,58.03,Walmart
6891296d-6fd5-4870-9afa-faf072bd0383,user_12,2024-01-22T11:00:00,88.67,Unknown Merchant
48470fbd-70bb-497e-9d5d-644e2f322058,user_4,2024-01-12T13:00:00,49.09,Shell Gas
b1f0c97d-ddce-4021-b849-16937c89d6e9,user_15,2024-01-29T13:00:00,52.48,Apple Store
bc7e80db-2085-46f0-9e2b-4f4ecd5e7a94,user_5,2024-01-26T15:00:00,49.47,ATM Withdrawal
f22a17c5-266a-4563-8df5-5b63ae4d791c,user_11,2024-01-25T20:00:00,216.61,Apple Store
8ac142cc-7bc9-43d4-a0cb-e48775c5fd5a,user_8,2024-01-28T19:00:00,35.62,ATM Withdrawal
51b7a1b2-4094-41fa-9505-940ad624f091,user_12,2024-01-10T17:00:00,188.87,PayPal
0f9d60cc-c65d-463b-a2ac-892f0ba5391f,user_6,2024-02-28T04:00:00,12.56,Walmart
19d3b421-14a5-4a7a-b236-744f5d957bb1,user_14,2024-02-27T10:00:00,89.78,Netflix
2584d820-f800-49cf-a3be-dbcec40d581e,user_9,2024-02-26T04:00:00,39.53,ATM Withdrawal
b52e95be-1981-4e28-85fa-757a919196b3,user_3,2024-02-08T07:00:00,68.31,ATM Withdrawal
364023c1-ef4c-4de0-a57c-42d847f39d0b,user_18,2024-01-04T03:00:00,167.83,PayPal
d8664c6c-5a80-4741-bffc-a77f3af33072,user_20,2024-02-24T10:00:00,32.12,Target
57c43d97-a4f9-447d-8bf3-4011b4e2f8cb,user_20,2024-01-04T18:00:00,114.94,ATM Withdrawal
2af8b0c8-3e9e-470f-9af4-28cf82836022,user_11,2024-03-23T09:00:00,141.84,Walmart
135c9787-d7f1-4210-b528-0cc880ab2940,user_9,2024-01-19T22:00:00,92.8,Apple Store
2ddc6366-6c81-4815-b4f6-5b807f3bed6e,user_19,2024-01-19T20:00:00,79.66,Apple Store
54d10f16-fe87-4a12-aeca-ac2ee6030843,user_17,2024-01-13T20:00:00,72.38,Walmart
6fd042cf-f042-430a-abc2-60bc09189ce5,user_10,2024-02-05T11:00:00,485.43,Shell Gas
dc8875f5-af43-49e3-a39d-e2e7f370d282,user_10,2024-01-30T06:00:00,83.32,Unknown Merchant
ca11c9a5-0451-49c5-a066-0570a3d82cb4,user_12,2024-02-10T15:00:00,83.93,Amazon
62f59391-dba2-489e-bf4d-9867a435f2fe,user_4,2024-01-02T22:00:00,351.18,Target
bc36dc75-be68-4ae9-8461-ef03ca0cf0fa,user_8,2024-02-14T00:00:00,52.88,PayPal
749a3c1a-6986-46a3-bf01-d5ce14afa3d6,user_14,2024-03-22T18:00:00,69.58,Target
ca241cbd-4b0e-4e65-809e-7cd1d95ed60e,user_6,2024-02-24T15:00:00,128.66,Apple Store
35063786-9bef-49e1-863e-7b718e237102,user_7,2024-02-08T08:00:00,110.73,Netflix
6e3110c7-e3cc-4881-bcba-a75aadd986bb,user_7,2024-01-24T18:00:00,550.33,Walmart
5ac746b8-7301-478f-9cad-cb9334e177ad,user_19,2024-01-09T16:00:00,218.67,Shell Gas
49f51fac-575a-47b0-bd5c-0de37bb70af7,user_11,2024-01-17T19:00:00,83.18,Unknown Merchant
a85f555f-67be-4f11-bbc5-f8126123e2f9,user_17,2024-03-23T10:00:00,144.56,Apple Store
d84faa99-bcca-45aa-9a15-0b44c01975a8,user_13,2024-02-20T02:00:00,39.77,Unknown Merchant
da6bde38-d3ab-47dd-adfe-112f94ef0ac1,user_20,2024-01-15T17:00:00,389.36,Starbucks
